title,authors,authors_count_token,authors_count_numberic,abstracts,venue,year_token,year,primary_topic,keywords,Label
tabled clp reasoning stream data,edmond jajaga lule ahmedi,few_authors,-0.2344115989263833,semantic technologies extensively used integrating stream data applications however using swrl become de facto standard rule language semantic web never used stream data applications open world assumption monotonic nature makes swrl powerless continuous inference stream data example using aggregate functions particular window streams expressed swrl csparql framework supports continuous querying data streams introduce cswrl unified semantic web stream reasoning system supports continuous reasoning stream data cswrl utilizes csparql filtering aggregation rdf streams enable closedworld timeaware reasoning swrl rules moreover nonmonotonic behavior supported use owlapi constructs system presented means examples water quality monitoring,iclp,year_2016_2017,-2.6647533335990934,semantic web ontologies,sparql computer science semantic web rule language semantic web rdf linked data database information retrieval semantic computing semantic analytics,1
xailaw logic programming tool modeling explaining learning legal decisions,agostino dovier talissa dreossi andrea formisano benedetta strizzolo,many_authors,0.852405814277758,propose approach model articles italian criminal code icc using answer set programming asp semiautomatically learn legal rules examples based prior judicial decisions developed tool intended support legal experts criminal trial phase providing reasoning possible legal outcomes methodology involves analyzing encoding articles icc asp including crimes person property offenses resulting model validated set previous verdicts refined necessary encoding process contradictions may arise properly handled system also generates possible decisions new cases provides explanations tool leverages supportedness stable models automatic explainability offered tool also used clarify logic behind judicial decisions making decisionmaking process interpretable furthermore tool integrates inductive logic programming system asp employed generalize legal rules case examples,iclp,year_post_2024,0.9722427416967726,logic reasoning knowledge,set abstract data type logic programming process computing encoding memory property philosophy code set theory inductive logic programming,5
workshop proceedings 40th international conference logic programming iclpws 2024 colocated 40th international conference logic programming iclp 2024 dallas tx usa october 12th 13th 2024,esteban guerrero juan carlos nieves,few_authors,-0.2344115989263833,noabstract,iclp,year_post_2024,0.5681320666638986,logic reasoning knowledge,rewriting computer science programming language logic programming logic program theoretical computer science,1
probabilistic active goal recognition,chenyuan zhang cristian rojas cardenas hamid rezatofighi mor vered buser say,many_authors,1.3958145208798287,multiagent environments effective interaction hinges understanding beliefs intentions agents prior work goal recognition largely treated observer passive reasoner active goal recognition agr focuses strategically gathering information reduce uncertainty adopt probabilistic framework agr propose integrated solution combines joint belief update mechanism monte carlo tree search mcts algorithm allowing observer plan efficiently infer actors hidden goal without requiring domainspecific knowledge comprehensive empirical evaluation gridbased domain show joint belief update significantly outperforms passive goal recognition domainindependent mcts performs comparably strong domainspecific greedy baseline results establish solution practical robust framework goal inference advancing field toward interactive adaptive multiagent systems,kr,year_post_2024,0.9722427416967726,aibased problem solving planning,probabilistic logic observer physics field mathematics priori posteriori tree set theory exploit joint building greedy algorithm,5
heuristic strategies accelerating multiagent epistemic planning,biqing fang fangzhen lin,few_authors,-0.2344115989263833,multiagent epistemic planning mep achieving epistemic goal multiagent environment using agents actions epistemic preconditions effects recently mep received interest dynamic logic planning communities leading development several innovative planners one state art planner mepk paper propose two novel strategies enhance search methods within mepk first strategy enhancement strategy dynamically updates heuristic based search path first goalreachable node potentially reducing number nodes need explored find solution second belief lock strategy prevents planner continuing search particular state progress goal state due possession agent certain belief experiments existing benchmarks show new strategies indeed accelerate problem solving also construct new harder instances demonstrate strategies significantly improve performance hard benchmarks overall consider new planner significant improvement existing one terms computational efficiency,kr,year_post_2024,0.5681320666638986,multiagent systems negotiation,heuristic computer science artificial intelligence epistemology philosophy,1
succinctness complexity alc counting perceptrons,pietro galliani oliver kutz nicolas troquard,few_authors,0.30899710767568733,perceptron operators introduced knowledge representation languages description logics order define concepts listing features associated weights giving threshold semantically individual belongs concept weighted sum listed features belongs reaches threshold operators subsequently applied cognitivelymotivated modelling scenarios building bridges learning reasoning however suffer basic limitation consider weight number role fillers paper introduces extension basic perceptron operator language address shortcoming defining language alcp answering basic questions regarding succinctness complexity new language namely show firstly alcp weights positive language expressively equivalent alcq whilst strictly expressive general case allowing also negative weights secondly alcp shown strictly succinct alcq thirdly capitalising results concerning logic alcscc show despite added expressivity reasoning alcp remains exptimecomplete,kr,year_2022_2023,0.16402139163102464,semantic web ontologies,succinctness perceptron computer science operator biology theoretical computer science knowledge representation reasoning artificial intelligence representation politics natural language processing artificial neural network,3
action languages covid19 lessons learned,barbara katz rothman,no_author,-1.3212290121305246,noabstract,iclp,year_2020_2021,-1.0483106334675973,cyprus history politics society,computer science,2
flexible lifelong explainable robust solutions multiagent path finding problems,aysu bogatarkan,single_author,-0.7778203055284539,multiagent path finding mapf problem combinatorial search problem aims finding paths multiple agents environment without collisions subject constraints lengths paths realworld applications mapf require flexible lifelong robust explainable solutions study challenges addressed,iclp,year_post_2024,0.9722427416967726,robotic path planning algorithms,path computing minification subject documents optimization problem robustness evolution,4
planning domain model acquisition state traces without action parameters,tomáš balyo martin suda lukáš chrpa dominik šafránek stephan gocht filip dvořák roman barták g. michael youngblood,many_authors,3.0260406406860403,existing planning action domain model acquisition approaches consider different types state traces learn differences state traces refer level observability state changes full none whether observations noise state changes might inaccurately logged however best knowledge existing approaches consider state traces state change corresponds action specified name parameters objects relevant action furthermore names types parameters actions learned given assumptions strong paper propose method learns action schema state traces fully observable state changes without parameters actions responsible state changes action names part state traces although easily deduce number names actions learned domain model still need deduce number types parameters action alongside precondition effects show task least hard graph isomorphism however experimental evaluation large collection ipc benchmarks shows approach still practical number required parameters usually small compared stateoftheart learning tools sam extended sam new algorithm provide better results terms learning action models similar reference models even though uses less information fewer restrictions input traces,kr,year_post_2024,0.5681320666638986,aibased problem solving planning,computer science domain model domain mathematical analysis action physics state computer science domain analysis artificial intelligence algorithm domain knowledge programming language mathematics physics,1
chrvis syntax semantics,noauthor,no_author,-1.3212290121305246,noabstract,iclp,year_2018_2019,-1.8565319835333454,syntax semantics linguistic variation,syntax computer science programming language semantics computer science linguistics natural language processing philosophy,1
exploring neurosymbolic systems answer set programming application waste water monitoring,steffen schieweck gabriele kern-isberner michael ten hompel,few_authors,0.30899710767568733,noabstract,iclp,year_post_2024,0.9722427416967726,robotic path planning algorithms,computer science answer set programming set abstract data type order exchange artificial intelligence programming language,5
simple expectations observations intelligent agents complexity study,sourav chakraborty avijeet ghosh sujata ghosh françois schwarzentruber,many_authors,0.852405814277758,public observation logic pol reasons agent expectations agent observations various real world situations expectations agents take shape based certain protocols world around remove possible scenarios exceptions observations match turn influences epistemic reasoning agents work study computational complexity satisfaction problems various fragments pol process also highlight inevitable link fragments wellstudied public announcement logic,kr,year_2022_2023,0.16402139163102464,logic reasoning knowledge,simple philosophy computer science process computing computational complexity theory work physics intelligent agent multiagent system artificial intelligence algorithm epistemology engineering,4
proceedings 38th international conference logic programming iclp 2022 technical communications doctoral consortium haifa israel 31st july 2022 6th august 2022,carlos areces diana costa,no_author,-1.3212290121305246,noabstract,iclp,year_2022_2023,-0.24008928340184937,advanced algebra logic,computer science,1
testing concurrent programs,valerio terragni,single_author,-0.7778203055284539,towards effective regression testing concurrent programs valerio terragni thesis 2017 xiii 129 pages illustrations 30 cm rapid advances multicore chip technology lead pervasive adoption sharedmemory concurrent programming software jointly executedread,iclp,year_2016_2017,-2.6647533335990934,software testing debugging techniques,computer science regression testing thread computing guard computer science synchronization alternating current concurrency shared memory code set theory software parallel computing programming language distributed computing software development software construction,1
determining action reversibility strips using answer set programming,wolfgang faber michael morak lukáš chrpa,few_authors,0.30899710767568733,abstract context planning reasoning actions change call action reversible effects reverted applying actions returning original state renewed interest area led several results context pddl language widely used describing planning tasks paper propose several solutions computational problem deciding reversibility action particular leverage existing translation pddl answer set programming asp use several different encodings tackle problem action reversibility strips fragment pddl use asp well epistemic logic programming elp extension asp epistemic operators compare contrast strengths weaknesses,iclp,year_2020_2021,-1.0483106334675973,logic reasoning knowledge,answer set programming leverage statistics computer science logic programming context archaeology set abstract data type programming language action physics action theory sociology artificial intelligence theoretical computer science epistemology,3
domainindependent instance generation classical planning,claudia grundke malte helmert gabriele röger,few_authors,0.30899710767568733,learningbased planning systems learn domainspecific knowledge helps solve unseen tasks planning domain purpose require diverse set training instances recent proposal formal specifications planning domains allows us exactly characterize instances legal domain automatically generate planning tasks formal specifications means translation answer set programming experimentally examine scalability approach suitability learningbased planning following setup learning track international planning competition,kr,year_post_2024,0.9722427416967726,aibased problem solving planning,automated planning scheduling set abstract data type scalability business system planning translation biology plan archaeology,5
teaching constraintbased modeling algorithms decision support prolog,huaiqing wang stephen liao lejian liao,few_authors,0.30899710767568733,noabstract,iclp,year_post_2024,0.5681320666638986,multiagent systems negotiation,negotiation computer science knowledge management process management constraint computeraided design hierarchy decision support system time constraint process computing management science constraint satisfaction operations research artificial intelligence business engineering economics programming language political science,4
relational graph convolutional networks learn sound rules,matthew morris david j. tena cucala bernardo cuenca grau ian horrocks,many_authors,0.852405814277758,graph neural networks gnns frequently used predict missing facts knowledge graphs kgs motivated lack explainability outputs models recent work aimed explain predictions using datalog widely used logicbased formalism however work restricted certain subclasses gnns paper consider one popular gnn architectures kgs rgcn provide two methods extract rules explain predictions sound sense fact derived rules also predicted gnn input dataset furthermore provide method verify certain classes datalog rules sound rgcn experiments train rgcns kg completion benchmarks able verify datalog rule sound models even though models often obtain high nearperfect accuracy raises concerns ability rgcn models generalise explainability predictions provide two variations training paradigm rgcn encourage learn sound rules find tradeoff model accuracy number learned sound rules,kr,year_post_2024,0.5681320666638986,music audio processing,computer science graph relational database theoretical computer science artificial intelligence information retrieval,4
correspondence monotonic maxsum gnns datalog,david tena cucala bernardo cuenca grau boris motik egor v. kostylev,many_authors,0.852405814277758,although significant interest applying machine learning techniques structured data expressivity ie description learned techniques still poorly understood paper study data transformations based graph neural networks gnns first note choice dataset encoded numeric form processable gnn obscure characterisation models expressivity argue canonical encoding provides appropriate basis second study expressivity monotonic maxsum gnns cover subclass gnns max sum aggregation functions show gnn one compute datalog program applying gnn dataset produces facts single round application programs rules dataset monotonic maxsum gnns sum unbounded number feature vectors result arbitrarily large feature values whereas rule application requires bounded number constants hence result shows unbounded summation monotonic maxsum gnns increase expressive power third sharpen result subclass monotonic max gnns use max aggregation function identify corresponding class datalog programs,kr,year_2022_2023,0.16402139163102464,advanced graph neural networks,datalog monotonic function computer science bounded function class philosophy inductive logic programming function biology theoretical computer science feature linguistics discrete mathematics artificial intelligence algorithm mathematics,4
contracted temporal equilibrium logic,pedro cabalar thomas eiter davide soldà,few_authors,0.30899710767568733,stable model semantics logic programs characterized equilibrium logic nonmonotonic formalism selects models monotonic intermediate logic hereandthere provides stable models arbitrary propositional formulas fruitfully extended different modal languages among theories syntax lineartime temporal logic ltl giving rise temporal equilibrium logic tel based temporal hereandthere tht tel models selected minimize truth among tht traces length paper consider selection addition may reduce number transitions trace intuitively forming contraction thus introduce contracted tht contracted tel top model selection logical basis resulting cstable models viewed stable models tel summarized smaller trace illustrate contraction several examples related logic programming explore several properties like relation tel ltl particular connection ltl property stuttering,kr,year_post_2024,0.5681320666638986,logic reasoning knowledge,computer science temporal logic programming language,3
improving candidate quality probabilistic logic models,alex m. andrew,single_author,-0.7778203055284539,noabstract,iclp,year_2018_2019,-1.8565319835333454,organizational management leadership,probabilistic logic computer science quality philosophy cybernetics probabilistic argumentation artificial intelligence risk analysis engineering business epistemology,3
extracting policies quantified answer set programs,martín diéguez igor stéphan,few_authors,-0.2344115989263833,quantified answer set programming qasp extends answer set programming asp allowing quantification propositional variables similar quantified boolean formulas qbf paper interpret models qasp formulas terms policies represent decisionmaking strategies determine existentially quantified variables assigned given conditions set universally quantified variables main contribution present algorithm policy extraction qasp semantics inspired equilibrium logic semantics general asp theories,iclp,year_post_2024,0.9722427416967726,logic reasoning knowledge,answer set programming stable model semantics set abstract data type semantics computer science propositional calculus propositional variable logic programming propositional formula,5
combining collective entity resolution repairing extended abstract,meghyn bienvenu gianluca cima víctor gutiérrez-basulto,few_authors,0.30899710767568733,paper considers problem querying dirty databases may contain erroneous facts multiple names entity data quality issues widely studied isolation contribution holistic framework jointly deduplicating repairing data replace framework follows declarative approach utilizing logical rules specify conditions pair entity references must merged logical constraints specify consistency requirements semantics defines space solutions consisting set merges perform set facts delete refined applying optimality criteria may multiple optimal solutions use classical notions possible certain query answers reason alternative solutions introduce novel notion informative answer obtain compact presentation query results perform detailed analysis data complexity central reasoning tasks recognizing optimal solutions informative possible certain answers three notions optimal solution general restricted specifications,kr,year_2022_2023,0.16402139163102464,data quality management,computer science consistency knowledge bases set abstract data type semantics computer science resolution logic isolation microbiology theoretical computer science logical consequence space punctuation logical framework artificial intelligence programming language,3
navigating querying answer sets hard really,dominik rusovac markus hecher martin gebser sarah alice gaggl johannes k. fichte,many_authors,1.3958145208798287,answer set programming popular declarative paradigm countless applications modeling solving combinatorial problems view program knowledge database compactly representing conditions solutions often interested reasoning solutions filtering answer sets heart questions brave cautious reasoning browsing answer sets combine restricting atoms answer sets meaningful atoms called facets belong brave answer sets cautious surprisingly precise computational complexity facet problems remained widely open far paper study complexity answer set facets establish tight results reasoning facets deciding upper lower bounds well exact number facets comparing facets facet reasoning seems natural problem formalism residing complexity families third level moreover study considers quantitative importance questions facets generalizing facets conjunctions disjunctions arbitrary queries complete results experimental evaluation,kr,year_post_2024,0.5681320666638986,topic modeling,computer science information retrieval data science world wide web,5
explanations unrealizability infinitestate safety shields,andoni rodríguez irfansha shaik davide corsi roy fox césar sánchez,many_authors,1.3958145208798287,safe reinforcement learning focuses developing optimal policies ensuring safety popular method address task shielding correctbyconstruction safety component synthetised logical specifications recently shield synthesis extended infinitestate domains continuous environments makes shielding applicable realistic scenarios however often shields might unrealizable specification inconsistent order address gap present method obtain simple unconditional conditional explanations witness unrealizability goes temporal formula unrolling bounded strategy search paper show different variants technique well applicability,kr,year_post_2024,0.9722427416967726,formal methods verification,shields component thermodynamics task project management shield bounded function simple philosophy,2
emersonlei mannapnueli games ltlf ppltl synthesis,daniel hausmann shufang zhu gianmarco parretti christoph weinhuber giuseppe de giacomo nir piterman,many_authors,1.9392232274818992,recently mannapnueli hierarchy used define temporal logics ltlf ppltl allow use finitetrace ltlfppltl techniques infinitetrace settings achieving expressiveness full ltl paper present first actual solvers reactive synthesis logics based games graphs leverage dfabased techniques ltlfppltl construct game arena start symbolic solver based emersonlei games reduces lowerclass properties guarantee safety higher ones recurrence persistence solving game introduce mannapnueli games natively embed mannapnueli objectives arena games solved composing solutions dag simpler emersonlei games resulting provably efficient approach implemented solvers practically evaluated performance range representative formulas results show mannapnueli games often offer significant advantages though universally indicating combining approaches could enhance practical performance,kr,year_post_2024,0.9722427416967726,formal methods verification,leverage statistics solver construct python library hierarchy range aeronautics outcome game theory,1
commonsense reasoningaided autonomous vehicle systems,keegan kimbrell,single_author,-0.7778203055284539,autonomous vehicle av systems developed strong reliance machine learning techniques machine learning approaches deep learning extremely effective tasks involve observation classification struggle comes performing higher level reasoning situations road research involves incorporating commonsense reasoning models use image data improve av systems allow av systems perform accurate reasoning also making adjustable explainable ethical paper discuss findings far motivate direction going forward,iclp,year_post_2024,0.5681320666638986,semantic web ontologies,commonsense reasoning computer science artificial intelligence,1
precise exponentialtime complexity nonmonotonic reasoning,georg gottlob,single_author,-0.7778203055284539,noabstract,iclp,year_post_2024,0.9722427416967726,logic reasoning knowledge,nonmonotonic logic computer science logic programming cognitive science artificial intelligence psychology,3
semantically guided scene generation via contextual reasoning algebraic measures,wenhao ding,single_author,-0.7778203055284539,noabstract,iclp,year_2022_2023,0.16402139163102464,notopic,nokeywords,2
cumulative scoringbased induction default theories,noauthor,no_author,-1.3212290121305246,noabstract,iclp,year_2018_2019,-1.8565319835333454,banking stability regulation efficiency,credit risk default credit card payment,1
theory revision goaldirected asp,maxime cannesson rupert m. pearse,no_author,-1.3212290121305246,noabstract,iclp,year_2020_2021,-0.6441999584347234,hemodynamic monitoring therapy,hemodynamics computer science cardiology medicine,5
lazy stream programming prolog,paul tarau jan wielemaker tom schrijvers,no_author,-1.3212290121305246,recent years stream processing become prominent approach incrementally handling large amounts data special support libraries many programming languages unfortunately support prolog far lacking existing approaches adhoc remedy situation present lazy stream generators unified prolog interface stateful computations finite infinite sequences data produced incrementally io andor algorithmically expose stream generators application programmer two ways 1 abstract sequence manipulation api convenient defining custom generators 2 idiomatic lazy lists compatible many existing list predicates define algebra stream generator operations extends prolog via embedded language interpreter provides compact notation composing generators supports moving two isomorphic representations special instance introduce answer stream generators encapsulate work coroutining firstclass logic engines support interoperation forward recursive andstreams backtrackinggenerated orstreams keywords lazy stream generators lazy lists firstclass logic engines stream combinators andstream orstream interoperation prolog extensions,iclp,year_2018_2019,-1.4524213085004714,logic programming type systems,prolog datalog logic programming programmer stream processing constraint programming generator circuit theory arity lazy evaluation,4
asp chef draw expand,mario alviano luis angel rodriguez reiners,few_authors,-0.2344115989263833,asp chef versatile tool built upon principles answer set programming asp offering unique approach problemsolving concept asp recipes paper explore two key components asp chef graph ingredient one extension mechanisms registering new ingredients graph ingredient serves fundamental feature within asp chef allowing users interpret instances designed predicate construct graphs data capability asp chef facilitates visualization analysis complex relationships structures inherent various domains furthermore asp chef offers flexible extension mechanism empowers users register new recipes custom ingredients custom ingredients defined sequences mappings interpretations interpretations stored locally within local storage browser enables users expand capabilities asp chef suit specific needs use cases fostering collaborative environment users share reuse custom ingredients seamlessly notably addition new ingredients impose requirements utilization recipes employ underscoring modular interoperable design asp chef,kr,year_post_2024,0.5681320666638986,culinary culture tourism,computer science,5
product configuration answer set programming,seemran mishra,single_author,-0.7778203055284539,preliminary work configuration knowledge representation serves foundation building interactive configuration systems answer set programming asp major concepts product configuration problem identified discussed bike configuration example fact format developed expressing product knowledge domainspecific mapped systems finally domainindependent asp encoding provided represents concepts configuration problem,iclp,year_2020_2021,-0.6441999584347234,logic reasoning knowledge,answer set programming computer science set abstract data type domain mathematical analysis product mathematics representation politics knowledge representation reasoning theoretical computer science programming language artificial intelligence mathematics,4
implementation nonmonotonic logic embedded computer motorglider,josé luis vilchis medina pierre siegel vincent risch andrei doncescu,many_authors,0.852405814277758,article present implementation nonmonotonic reasoning embedded system part autonomous motorglider simulates piloting decisions airplane real pilot must take care information arising cockpit airspeed altitude variometer compass also outside cabin throughout flight pilot constantly communication control tower follow orders airspace regulation respect addition control tower sends orders pilot emergency may violate orders airspace regulations solve problem eg emergency landing hand climate changes constantly wind snow hail affect sensors cases easily lead contradictions switching reasoning uncertainty pilot must make decisions carry flight objective implementation validate nonmonotonic model allows solve question incomplete contradictory information formalize problem using default logic nonmonotonic logic allows find fixedpoints face contradictions implementation prolog language used embedded computer running 1 ghz single core 512 mb ram 08 watts energy consumption,iclp,year_2018_2019,-1.4524213085004714,logic reasoning knowledge,airspeed computer science glider crutch airplane cockpit toolbox aeronautics simulation control engineering engineering programming language aerospace engineering,2
aspmc algebraic answer set counter,thomas eiter markus hecher rafael kiesel,few_authors,0.30899710767568733,last decade increasing interest extensions answer set programming asp cater quantitative information weights probabilities wide range quantitative reasoning tasks asp logic programming among probabilistic inference parameter learning neurosymbolic setting expressed algebraic answer set counting aasc tasks ie weighted model counting asp weights calculated semiring makes makes efficient solvers aasc desirable article present new solver aasc pushes limits efficient solvability notably provides improved performance compared state art probabilistic inference exploiting three insights gained thorough theoretical investigations work namely consider knowledge compilation step aasc pipeline underlying logical theory specified answer set program converted tractable circuit representation aasc feasible polynomial time first provide detailed comparison different approaches knowledge compilation programs revealing translation propositional formulas followed compilation sddnnf seems favorable second study translation propositional formulas proceed result efficient compilation leads second third insight namely novel way breaking positive cyclic dependencies program called tpunfolding improvement clark completion procedure used transform programs without positive cyclic dependencies propositional formulas improvements tailored towards efficient knowledge compilation empirical evaluation reveals three advancements contribute success tpunfolding improves performance significantly allowing us handle cyclic instances better,iclp,year_2020_2021,-0.6441999584347234,logic reasoning knowledge,probabilistic logic computer science answer set programming propositional calculus set abstract data type inference range aeronautics semiring theoretical computer science propositional formula algebraic number programming language artificial intelligence mathematics propositional variable discrete mathematics,3
categorytheoretic perspective approximation fixpoint theory,samuele pollaci,single_author,-0.7778203055284539,approximation fixpoint theory aft founded early 2000s denecker marek truszczynski abstract algebraic framework study semantics nonmonotonic logics since early successes potential aft unifying semantic framework become widely recognised interest aft gradually increased applications ranging foundations database theory abstract argumentation nonmonotonic constructive processes occur many areas computer science together associated semantic structures successfully studied using aft greatly simplifies characterizations goal research take step towards lifting aft general framework constructive knowledge,iclp,year_post_2024,0.5681320666638986,advanced algebra logic,perspective graphical mathematics computer science mathematical economics algebra field pure mathematics artificial intelligence,4
dialectical reconciliation via structured argumentative dialogues,stylianos loukas vasileiou ashwin kumar william yeoh tran cao son francesca toni,many_authors,1.3958145208798287,present novel framework designed extend model reconciliation approaches commonly used humanaware planning enhanced humanai interaction adopting structured argumentationbased dialogue paradigm framework enables dialectical reconciliation address knowledge discrepancies explainer ai agent explainee human user goal explainee understand explainers decision formally describe operational semantics proposed framework providing theoretical guarantees evaluate frameworks efficacy wild via computational humansubject experiments findings suggest framework offers promising direction fostering effective humanai interactions domains explainability important,kr,year_post_2024,0.5681320666638986,conflict management negotiation,argumentative dialectic computer science argumentation theory epistemology programming language philosophy,1
exploring digital twins integration asp asp chef,fiona rossette-crake,single_author,-0.7778203055284539,category digital oratory brings together numerous new speaking practices mediated digital interface contribution outlines holistic approach digital oratory locating respect traditional eg predigital andor offline formats well examining differences new digital practices face many general communication guides case made linguisticinformed approach teaching oratory based notably theory developed within framework systemic functional linguistics various levels analysis considered participant framework lexicogrammar multimodal resources focus placed esp already considerable research specific formats article concludes discussion four examples taken context workplace representing types practices prove pertinent applied language business communication curricula,iclp,year_post_2024,0.9722427416967726,discourse analysis language studies,focus optics context archaeology face sociological concept discourse analysis participant observation focus group,4
reasoning restricted statistical statements probabilistic answer set programming complexity algorithms,damiano azzolini markus hecher,few_authors,-0.2344115989263833,statistical statements expressive tool representing statistical information domain interest recently statements given meaning context probabilistic answer set programming pasp allowing one encode properties like x elements domain feature although computational complexity different tasks pasp well known complexity restricted programs composed statistical statements probabilistic facts studied first contribution address problem confirming even seemingly restricted cases complexity high indeed even restriction lose expressiveness reaching higher levels polynomial hierarchy mitigate high complexities focus structure programs thereby design novel structureguided reductions demonstrating one efficiently answer queries along treewidth decompositions obtain precise upper bounds show reasonable assumptions complexity theory significantly improve give matching lower bounds,kr,year_post_2024,0.9722427416967726,logic reasoning knowledge,probabilistic logic answer set programming set abstract data type matching statistics context archaeology domain mathematical analysis computational complexity theory probabilistic analysis algorithms feature linguistics,4
fixpoint characterizations disjunctive hybrid mknf knowledge bases,spencer killen jia-huai you,few_authors,-0.2344115989263833,logic hybrid mknf minimal knowledge negation failure powerful knowledge representation language elegantly pairs asp answer set programming ontologies disjunctive rules desirable extension normal rulebased reasoning typically semantic frameworks designed normal knowledge bases need substantial restructuring support disjunctive rules alternatively one may lift characterizations normal rules support disjunctive rules inducing collection normal knowledge bases body single atom head work refer set normal knowledge bases headcut disjunctive knowledge base question arises whether semantics disjunctive hybrid mknf knowledge bases characterized using fixpoint constructions headcuts earlier shown headcuts paired fixpoint operators capture twovalued mknf models disjunctive hybrid mknf knowledge bases threevalued semantics extends twovalued semantics ability express partial information work present fixpoint construction leverages headcuts using operator iteratively captures threevalued models hybrid mknf knowledge bases disjunctive rules characterization also captures partial stable models disjunctive logic programs since program expressed disjunctive hybrid mknf knowledge base empty ontology elaborate relationship characterization approximators aft approximation fixpoint theory normal hybrid mknf knowledge bases,iclp,year_2020_2021,-0.6441999584347234,logic reasoning knowledge,knowledge base computer science disjunctive normal form negation knowledge representation reasoning characterization materials science mathematics set abstract data type fixed point theoretical computer science artificial intelligence algorithm programming language,1
natural language generation nonexpert users,van duc nguyen tran cao son enrico pontelli,few_authors,0.30899710767568733,motivated difficulty presenting computational results especially results collection atoms logical language users proficient computer programming andor logical representation results propose system automatic generation natural language descriptions applications targeting mainstream users differently many earlier systems aim proposed system employ templates generation task assumes exist natural language sentences application domain uses repository natural language description require however large corpus often required machine learning approaches systems consist two main components first one aims analyzing sentences constructs grammatical framework gf given sentences implemented using stanford parser answer set program second component sentence construction relies gf library paper includes two use cases demostrate capability system sentence construction done via gf paper includes use case evaluation showing proposed system could also utilized addressing challenge create abstract wikipedia recently discussed bluesky session 2018 international semantic web conference,iclp,year_2018_2019,-1.4524213085004714,natural language processing techniques,computer science natural language processing sentence parsing natural language component thermodynamics artificial intelligence session web analytics logical form natural language generation domain mathematical analysis set abstract data type programming language natural language programming task project management universal networking language world wide web comprehension approach,5
treewidth nonground answer set solving alliance problems graphs,bernhard bliem michael morak marius moldovan stefan woltran,many_authors,0.852405814277758,paper aim study performance modern answer set programming asp solvers influenced treewidth input program investigate consequences relationship first perform experimental evaluation shows solving performance heavily influenced treewidth given ground input programs otherwise uniform size construction observation leads important question asp namely design encodings treewidth resulting ground program remains small end study two classes disjunctive programs namely guarded connectionguarded programs order investigate classes formalize grounding process using mso transductions main results show classes guarantee treewidth program grounding depends treewidth maximum degree case connectionguarded programs input instance terms parameterized complexity findings yield corresponding fpt results answerset existence bounded treewidth also degree connectionguarded programs input instance show bounding treewidth alone leads nphardness data complexity connectionguarded programs indicates two classes fundamentally different finally show classes data complexity remains hard general case asp,iclp,year_2016_2017,-2.2606426585662196,logic reasoning knowledge,treewidth parameterized complexity bounding overwatch computer science set abstract data type connection principal bundle bounded function theoretical computer science mathematics algorithm artificial intelligence programming language pathwidth graph,2
proceedings 21st international conference principles knowledge representation reasoning kr 2024 hanoi vietnam november 28 2024,noauthor,no_author,-1.3212290121305246,noabstract,kr,year_post_2024,0.5681320666638986,semantic web ontologies,computer science representation politics knowledge representation reasoning analytic reasoning management science casebased reasoning artificial intelligence political science engineering law,1
knowledge authoring factual english,yuheng wang giorgian borca-tasciuc nikhil goel paul fodor michael kifer,many_authors,1.3958145208798287,knowledge representation reasoning krr systems represent knowledge collections facts rules like databases krr systems contain information domains human activities like industrial enterprises science business krrs represent complex concepts relations query manipulate information sophisticated ways unfortunately krr technology hindered fact specifying requisite knowledge requires skills domain experts professional knowledge engineers hard find one solution could extract knowledge english text number works attempted opensesame googles sling etc unfortunately present extraction logical facts unrestricted natural language still inaccurate used reasoning restricting grammar language socalled controlled natural language cnl hard users learn use nevertheless recent cnlbased approaches knowledge authoring logic machine kalm shown high accuracy compared others natural question extent cnl restrictions lifted paper address issue transplanting kalm framework neural natural language parser mstanza limit attention authoring facts queries therefore focus call factual english statements authoring types knowledge rules considered followup work turns neural network based parsers problems mistakes make range partofspeech tagging lemmatization dependency errors present number techniques combating problems test new system kalmfl ie kalm factual language number benchmarks show kalmfl achieves correctness excess 95,iclp,year_2022_2023,-0.24008928340184937,natural language processing techniques,computer science natural language parsing knowledge representation reasoning domain knowledge artificial intelligence information extraction natural language processing grammar question answering linguistics,3
explaining image classifiers,hana chockler joseph y. halpern,few_authors,-0.2344115989263833,focus explaining image classifiers taking work mothilal et al 2021 mmts point departure observe although mmts claim using definition explanation proposed halpern 2016 quite roughly speaking halperns definition necessity clause sufficiency clause mmts replace necessity clause requirement show implies halperns definition also allows agents restrict set options considered difference may seem minor show nontrivial impact explanations also show essentially without change halperns definition handle two issues proved difficult approaches explanations absence example image classifier tumors outputs tumor explanations rare events tumors,kr,year_post_2024,0.5681320666638986,anomaly detection techniques applications,computer science artificial intelligence image mathematics pattern recognition psychology computer vision,5
entity set expansion web via asp,weronika adrian paweł caryk,few_authors,-0.2344115989263833,noabstract,iclp,year_2016_2017,-2.2606426585662196,data mining algorithms applications,computer science set abstract data type expander graph programming language theoretical computer science,5
encoding choice logics asp,luca viganò,single_author,-0.7778203055284539,noabstract,iclp,year_2020_2021,-1.0483106334675973,logic reasoning knowledge,programming language predicate mathematical logic computer science confusion predicate logic automated theorem proving natural deduction proof assistant quantifier linguistics calculus dental theoretical computer science mathematics description logic mathematical proof artificial intelligence psychology,4
front matter table contents preface conference organization,noauthor,no_author,-1.3212290121305246,noabstract,iclp,year_2018_2019,-1.8565319835333454,diverse scientific economic studies,table contents table database front military information retrieval computer science geography world wide web database meteorology,1
generalizing platformaware mission planning infinitestate timed transition systems,stefan panjkovic alessandro cimatti andrea micheli stefano tonetta,many_authors,0.852405814277758,platformaware mission planning pamp problem formalizes relationship automated temporal planning problem execution platform modeled timed automaton pamp problem consists finding valid plan guarantees plan executability satisfaction safety property platform regardless nondeterminism paper significantly generalize pamp problem along three directions first consider platforms represented infinite state timed transition systems ttss allowing natural expressive modeling realistic systems second introduce new feature model relations fluents planning problem platform variables finally generalize semantics cope unbounded traces define solution method resulting generalized pamp combining automated temporal planner infinitestate modelchecker method largely efficient existing approach bounded pamp problems despite strictly expressive,kr,year_post_2024,0.9722427416967726,aibased problem solving planning,planner bounded function property philosophy plan archaeology feature linguistics semantics computer science transition system model checking temporal logic,2
bridging logic programming deep learning explainability ilasp,talissa dreossi,single_author,-0.7778203055284539,research explores integrating deep learning logic programming set basis new generation ai systems combining neural networks inductive logic programming ilp goal construct systems make accurate predictions generate comprehensible rules validate predictions deep learning models process analyze complex data ilp techniques derive logical rules prove networks conclusions explainable ai methods like explainable answer set programming xasp elucidate reasoning behind rules decisions focus applying ilp frameworks specifically ilasp fastlas enhance explainability various domains test cases span weather prediction legal field image recognition weather forecasting system predict events provides explanations using fastlas plans integrate recurrent neural networks future legal domain research focuses interpreting vague decisions assisting legal professionals encoding italian legal articles learning reasoning patterns court cassation decisions using ilasp biological laboratories collaborate research group automate spermatozoa morphology classification bull breeding soundness evaluation using yolo networks ilp explain classification outcomes hybrid approach aims bridge gap high performance deep learning models transparency symbolic reasoning advancing ai providing interpretable trustworthy applications,iclp,year_post_2024,0.5681320666638986,semantic web ontologies,bridging networking computer science artificial intelligence cognitive science psychology computer security,5
total preorders vs ranking functions belief revision dynamics empty layers,gabriele kern-isberner alexander hahn jonas haldimann christoph beierle,many_authors,0.852405814277758,total preorders spohns ranking functions popular semantic structures nonmonotonic reasoning belief revision ranking function uniquely induces total preorder total preorder corresponds infinitely many ranking functions empty layers ranking functions may paper adopt dynamic perspective investigate role empty layers belief revision scenarios strengthen notion inferential equivalence ranking functions introducing revision equivalence postulates equivalence ranking functions general revision operations moreover single socalled linearly equivalent ranking functions prototypes ranking functions regularly inserted empty layers ranking functions suitable provide invariance property revision equivalence claims linear equivalence preserved show strategic crevisions ensure conditional revision equivalence linearly equivalent ranking functions strategies adequately chosen whereas darwichepearl postulates iterated revision alone enough guarantee revision equivalence ranking functions evaluate various iterated revision approaches literature respect revision equivalence preserving linear equivalence revision furthermore present approach defining equivalence preserving revision operators ranking functions revision operators total preorders,kr,year_post_2024,0.5681320666638986,bayesian modeling causal inference,ranking information retrieval dynamics music belief revision computer science mathematics artificial intelligence psychology,2
asp chef creates surveys,noauthor,no_author,-1.3212290121305246,noabstract,iclp,year_post_2024,0.9722427416967726,smart agriculture ai,recipe computer science food science chemistry,3
answer set programming epistemic defaults,michael gelfond,no_author,-1.3212290121305246,closed world assumption introduced previous chapter example default statement natural language containing words normally typically rule defaults useful humans absence complete information allow us draw conclusions based knowledge common typical however conclusions tentative may forced withdraw new information becomes available fact large part education seems consist learning various defaults exceptions skill reasoning defaults occur language mathematics therefore studied classical mathematical logic however play important role everyday commonsense reasoning present considerable challenge ai researchers chapter show defaults various forms exceptions represented asp general representation used reasoning variety simple domains show defaults used reason knowledge bases incomplete information represented socalled null values next demonstrate defaults prioritized cases one default preferred another finally discuss use defaults representing hierarchies classes inheritance class properties subclasses members,iclp,year_2020_2021,-0.6441999584347234,logic reasoning knowledge,default computer science statement logic representation politics class philosophy artificial intelligence simple philosophy natural language processing linguistics epistemology economics,4
dynamic multiagent path finding based conflict resolution using answer set programming,basem atiq volkan patoglu esra erdem,few_authors,0.30899710767568733,study dynamic version multiagent path finding problem called dmapf existing agents may leave new agents may join team different times introduce new method solve dmapf based conflictresolution idea set new agents joins team conflicts instead replanning whole team replan minimal subset agents whose plans conflict utilize answer set programming part method planning replanning identifying minimal set conflicts,iclp,year_2020_2021,-1.0483106334675973,logic reasoning knowledge,joins set abstract data type conflict resolution computer science join topology path computing resolution logic theoretical computer science artificial intelligence mathematical optimization programming language mathematics,5
causally constrained counterfactual generation using asp,sopam dasgupta,single_author,-0.7778203055284539,research focused generating achievable counterfactual explanations given negative outcome computed machine learning model decision system novel cogs approach generates counterfactual solution represents positive outcome ii path take us negative outcome positive one node path represents change attribute feature value cogs computes paths respect causal constraints among features thus counterfactuals computed cogs realistic cogs utilizes rulebased machine learning algorithms model causal dependencies features paper discusses current status research preliminary results obtained,iclp,year_post_2024,0.5681320666638986,business process modeling analysis,counterfactual thinking psychology computer science cognitive psychology social psychology,4
group responsibility exceeding risk threshold,maksim gladyshev natasha alechina mehdi dastani dragan doder,many_authors,0.852405814277758,need tools techniques formally analyze trace responsibility unsafe outcomes decisionmaking actors urgent existing formal approaches assume unsafe outcomes actors held responsible actually realized paper considers broader notion responsibility unsafe outcomes necessarily realized probabilities unacceptably high present logic combining strategic probabilistic temporal primitives designed express concepts risk undesirable outcome responsible exceeding risk threshold demonstrate proposed logic complete decidable,kr,year_2022_2023,0.16402139163102464,logic reasoning knowledge,probabilistic logic trace psycholinguistics decidability outcome game theory computer science temporal logic risk analysis engineering theoretical computer science artificial intelligence business mathematics mathematical economics,4
new prooftheoretical linear semantics chr,arnon avron,single_author,-0.7778203055284539,noabstract,iclp,year_2018_2019,-1.8565319835333454,logic programming type systems,linear logic higherorder logic proof theory substructural logic mathematics completeness order theory intermediate logic manyvalued logic structural proof theory linear temporal logic computer science programming language algebra field theoretical computer science discrete mathematics description logic mathematical proof pure mathematics,3
legal compliance checking autonomous driving formalized traffic rule exceptions,xi zheng,single_author,-0.7778203055284539,noabstract,iclp,year_2022_2023,0.16402139163102464,notopic,nokeywords,2
assumable answer set programming,michael gelfond,no_author,-1.3212290121305246,far used asp knowledge bases get information truth falsity statements find objects satisfying simple properties types tasks normally performed database systems even though languages ability express recursive definitions methodology representing defaults various forms incomplete information gave us additional power allowed us construct rich elaborationtolerant knowledge bases types queries essentially remained databases,iclp,year_2022_2023,-0.24008928340184937,logic reasoning knowledge,set abstract data type answer set programming computer science programming language,5
induction nonmonotonic logic programs explain statistical learning models,farhad shakerin,single_author,-0.7778203055284539,present fast scalable algorithm induce nonmonotonic logic programs statistical learning models reduce problem search best clauses instances highutility itemset mining huim problem huim problem feature values importance treated transactions utilities respectively make use treeexplainer fast scalable implementation explainable ai tool shap extract locally important features weights ensemble tree models experiments uci standard benchmarks suggest significant improvement terms classification evaluation metrics running time training algorithm compared aleph stateoftheart inductive logic programming ilp system,iclp,year_2018_2019,-1.4524213085004714,bayesian modeling causal inference,inductive logic programming scalability feature linguistics decision tree tree set theory statistical learning probably approximately correct learning,2
simple generative logic grammar tool teaching logical thinking visual research art design,susanna berger,single_author,-0.7778203055284539,chapter discusses italicdescriptioitalic italictypusitalic italiclogicae universae typusitalic plates 1 2 fig 12 engravings depict entire systems philosophical knowledge comprehensive manner hierarchical format showing single page individual elements system relate whole analysis shows plural images organized conceptual relationships unity primarily theoretical chapter also mentions philosophical plural images logic textbook johann justus winkelmann 16201699 first published 1659 appeared 1725 winkelmanns visual representations combine details earlier plural images show genre continued employed teaching philosophy well eighteenth century ideas aristotles logic held sway two thousand years work gottlob frege 18481925 whereas much scholarship scientific revolution focuses discontinuities ruptures chapter examines prolonged relatively stable dominance aristotle field logic context universities,iclp,year_post_2024,0.9722427416967726,philosophy science history,plural mereology context archaeology epistemology scholarship literature philosophy history art history linguistics art archaeology law,5
tools methodologies verifying answer set programs,zach hansen,single_author,-0.7778203055284539,answer set programming asp powerful declarative programming paradigm commonly used solving challenging search optimization problems modeling languages asp supported sophisticated solving algorithms solvers make solution search efficient enabling programmer model problem high level abstraction approach knowledge representation reasoning asp benefits simplicity conciseness rigorously defined semantics characteristics make asp straightforward way develop formally verifiable programs context artificial intelligence ai clarity asp programs lends construction explainable trustworthy ai support goals research concerned extending theory tools supporting verification asp progams,iclp,year_2022_2023,-0.24008928340184937,logic reasoning knowledge,answer set programming computer science programming language programmer stable model semantics set abstract data type abstraction clarity semantics computer science context archaeology knowledge representation reasoning verifiable secret sharing theoretical computer science artificial intelligence software engineering operational semantics,5
ladbased feature selection optimal decision trees classifiers,david ing said jabbour lakhdar sais fabien delorme,many_authors,0.852405814277758,curse dimensionality presents significant challenge data mining pattern recognition computer vision machine learning applications feature selection primary approach address challenge aims eliminate irrelevant redundant features preserving relevant ones reduce computation time improve prediction performance enhance understanding data paper introduce new feature selection fs technique based logical analysis data lad pattern learning framework combines optimization boolean functions combinatorial theory one main objectives generate minimal support sets features subsets features discriminate different groups data generate subsets first reduce complexity lad optimization task transforming problem enumerating minimal hitting sets hypergraph efficient implementations exist feature subsets ranked based scoring method selecting highest quality one moreover explore relationship optimal decision trees dts ladbased fs introducing new optimality criteria namely dts involving minimum number features finally conduct comparative evaluations ladbased approach several stateoftheart sota fs methods benchmark datasets including twoclass binary datasets numerical datasets two multiple classes experiments reveal approach competitive sota methods selecting highquality feature subsets maintain enhance performance dts classifiers like svm knn naive bayes,kr,year_post_2024,0.5681320666638986,neural networks applications,decision tree feature selection artificial intelligence computer science selection genetic algorithm machine learning random subspace method pattern recognition psychology feature linguistics support vector machine,1
international conference logic programming 2020 workshop proceedings colocated 36th international conference logic programming iclp 2020 rende italy september 1819 2020,francesco ricca alessandra russo,few_authors,-0.2344115989263833,abstract available content preview provided access content full pdf available via save pdf action button,iclp,year_2020_2021,-1.0483106334675973,logic reasoning knowledge,computer science action physics logic programming logic program content measure theory programming language operations research mathematics,1
automata techniques temporal answer set programming,susana hahn,single_author,-0.7778203055284539,temporal dynamic extensions answer set programming asp played important role addressing dynamic problems allow use temporal operators reason dynamic scenarios effective way phd research intend exploit relationship automata theory dynamic logic add automatabased techniques asp solver clingo helping us deal theses type problems,iclp,year_2020_2021,-0.6441999584347234,logic reasoning knowledge,exploit computer science automaton answer set programming set abstract data type solver temporal logic theoretical computer science programming language problem solver dynamic programming algorithm software engineering computer security,5
quotwould life interesting aiquot answering counterfactuals based probabilistic inductive logic programming,kilian rückschloß felix weitkämper,few_authors,-0.2344115989263833,probabilistic logic programs logic programs facts hold specified probability investigate programs causal framework allows counterfactual queries learning program structure observational data usually done heuristic search relying statistical tests however statistical tests lack information causal mechanism generating data makes unfeasible use resulting programs counterfactual reasoning address propose language fragment allows reconstructing program induced distribution enables us learn programs supporting counterfactual queries,iclp,year_2022_2023,0.16402139163102464,bayesian modeling causal inference,counterfactual thinking counterfactual conditional probabilistic logic computer science artificial intelligence inductive logic programming machine learning heuristic logic programming theoretical computer science probabilistic ctl fragment logic causal structure probabilistic argumentation programming language probabilistic analysis algorithms psychology,5
experiment llm contract extraction,noauthor,no_author,-1.3212290121305246,noabstract,kr,year_post_2024,0.5681320666638986,notopic,nokeywords,3
determining action reversibility strips using epistemic logic programs,wolfgang faber michael morak lukáš chrpa,few_authors,0.30899710767568733,abstract context planning reasoning actions change call action reversible effects reverted applying actions returning original state renewed interest area led several results context pddl language widely used describing planning tasks paper propose several solutions computational problem deciding reversibility action particular leverage existing translation pddl answer set programming asp use several different encodings tackle problem action reversibility strips fragment pddl use asp well epistemic logic programming elp extension asp epistemic operators compare contrast strengths weaknesses,iclp,year_2020_2021,-1.0483106334675973,logic reasoning knowledge,answer set programming leverage statistics computer science logic programming context archaeology set abstract data type programming language action physics action theory sociology artificial intelligence theoretical computer science epistemology,1
proceedings international conference logic programming 2023 workshops colocated 39th international conference logic programming iclp 2023 london united kingdom july 9th 10th 2023,ralph butler ewing lusk william mccune ross overbeek,many_authors,0.852405814277758,noabstract,iclp,year_2022_2023,0.16402139163102464,logic programming type systems,prolog computer science logic programming programming language parallelism grammar parallel computing horn clause functional logic programming declarative programming granularity synchronization alternating current inductive programming programming paradigm theoretical computer science,1
runbased semantics rpqs,claire david nadime francis victor marsault,few_authors,0.30899710767568733,rpqs regular path queries important building block query languages graph databases generally evaluated homomorphism semantics particular endpoints matched walks returned however practical applications often need full matched walks compute aggregate values cases homomorphism semantics suitable since number matched walks infinite hence graphdatabase engines adapt semantics rpqs often neglecting theoretical red flags instance popular query language cypher uses trail semantics ensures result finite cost making computational problems intractable propose new kind semantics rpqs including particular simplerun bindingtrail semantics candidate reconcile theoretical considerations practical aspirations ensure output finite way compatible homomorphism semantics projection endpoints coincides homomorphism semantics hence testing emptiness result tractable known methods readily apply moreover simplerun bindingtrail semantics support bag semantics enumeration bag results tractable,kr,year_2022_2023,0.16402139163102464,graph theory algorithms,denotational semantics computer science homomorphism semantics computer science theoretical computer science wellfounded semantics operational semantics graph programming language algorithm mathematics discrete mathematics,1
temporal module logical frameworks,valentina pitoni stefania costantini,few_authors,-0.2344115989263833,artificial intelligence multi agent systems constitute interesting typology society modeling regard vast fields application extend human sciences logic often used model kind systems easier verify approaches provides explainability potential validation paper define time module suitable add time many logic representations agents,iclp,year_2018_2019,-1.4524213085004714,logic reasoning knowledge,temporal logic field mathematics description logic nonclassical logic typology logical framework,4
split logic program,rachel ben-eliyahu-zohary,single_author,-0.7778203055284539,answer set programming asp successful method solving range realworld applications despite availability fast asp solvers computing answer sets demands large computational power since problem tackled second level polynomial hierarchy speedup answer set computation may attained program split two disjoint parts bottom top thus bottom part evaluated independently top part results bottom part evaluation used simplify top part lifschitz turner introduced concept splitting set ie set atoms defines splitting paper show problem computing splitting set desirable properties reduced classic search problem solved polynomial time allows us conduct experiments size splitting set various programs lead interesting discovery source complication stable model computation also show headcyclefree programs definition splitting sets adjusted allow splitting broader class programs,iclp,year_2020_2021,-0.6441999584347234,logic reasoning knowledge,disjoint sets set abstract data type computation computer science hierarchy logic program class philosophy answer set programming range aeronautics polynomial theoretical computer science polynomial hierarchy time complexity algorithm logic programming mathematics discrete mathematics programming language,4
ltl model checking using coinductive answer set programming,lingyun situ lingzhong zhao,few_authors,-0.2344115989263833,model checking mainstream method formal verification communicating sequential processes csp existing csp model checkers incapable verifying multiple properties concurrently one run model checker addition properties verified described csp model checkers good refinement checking leads limited description power weak generality order tackle two problems answer set programmingasp completely free sequential dependencies used construct csp bounded model checking framework csp model checking problem turned computation problem answer sets ctl extended events describe properties verified addition preprocessing technique properties proposed sake reducing expense spending replicated verification sub formulas asp based description system constructed complete description various csp processes automatic generation parallel processes integrated methods csp model checker acspchecker feasibility efficiency methods illustrated experiments classic concurrency problem dining philosophers problem,iclp,year_2022_2023,-0.24008928340184937,logic reasoning knowledge,model checking computer science answer set programming concurrency bounded function programming language theoretical computer science generality set abstract data type abstraction model checking algorithm mathematics,4
dataflow analysis comparing reordering predicate arguments,gonzague yernaux wim vanhoof,few_authors,-0.2344115989263833,work done context moded logic programming language devise dataflow analysis dedicated computing call argument profiles profile essentially describes argument predicate functionality ie operations argument involved evaluation predicate well argument contributes consumption andor construction data values computed argument profiles useful applications context program understanding profile essentially provides way better understand role argument importantly provide way discern arguments manner finegrained done abstract characterizations types modes important applications one needs identify correspondences arguments two different predicates need compared clone detection moreover since total order defined abstract domain profiles analysis used rearranging predicate arguments order according functionality constituting essential ingredient predicate normalization techniques,iclp,year_2022_2023,0.16402139163102464,software engineering research,computer science predicate mathematical logic dataflow argument complex analysis normalization sociology programming language theoretical computer science,2
repeat understanding sufficient conditions restricted chase nontermination,lukas gerlach david carral,few_authors,-0.2344115989263833,disjunctive restricted chase sound complete procedure solving boolean conjunctive query entailment knowledge bases disjunctive existential rules alas procedure always terminate checking undecidable however use acyclicity notions sufficient conditions imply termination effectively apply chase many realworld cases know conditions general possible use cyclicity notions sufficient conditions imply nontermination paper discuss issues previously existing cyclicity notions propose novel notions nontermination dismantling original idea empirically verify generality new criteria,kr,year_2022_2023,0.16402139163102464,semantic web ontologies,undecidable problem chase computer science generality logical consequence existentialism theoretical computer science programming language algorithm decidability artificial intelligence epistemology,2
reasoning medical triage optimization logic programming,jaikrishna manojkumar patil adam chapman richard knuszka john chapman paulo shakarian,many_authors,1.3958145208798287,present logic programming framework orchestrates multiple variants optimization problem reasons results support highstakes medical decisionmaking logic programming layer coordinates construction evaluation multiple optimization formulations translating solutions logical facts support symbolic reasoning ensure efficient resource allocation specifically targeting right patient right platform right escort right time right destination principle capability integrated guardiantwin decision support system forward medical evacuation medevac rapid explainable resource allocation critical series experiments framework demonstrates average reduction casualties 3575 compared standard baselines additionally explore users engage system via intuitive interface delivers explainable insights ultimately enhancing decisionmaking critical situations work demonstrates logic programming serve foundation modular interpretable operationally effective optimization missioncritical domains,iclp,year_post_2024,0.9722427416967726,logic reasoning knowledge,logic programming triage resource allocation inductive programming functional logic programming resource disambiguation layer electronics optimization problem,3
investigating grounding bottleneck largescale configuration problem existing tools constraintaware guessing,veronika semmelrock gerhard friedrich,few_authors,-0.2344115989263833,answer set programming asp aims realize ai vision user specifies problem computer solves indeed asp made vision true many application domains however current asp solving techniques scale large configuration problems benchmark problems investigated configuration electronic systems may comprise 30000 components show potential limits current asp technology focusing methods address socalled grounding bottleneck ie sharp increase memory demands size problem instances push limits investigated incremental solving approach proved effective practice however even incremental approach memory demands impose significant limits based analysis grounding developed method constraintaware guessing significantly reduced memory need,iclp,year_post_2024,0.9722427416967726,logic reasoning knowledge,bottleneck set abstract data type benchmark surveying answer set programming scale ratio ground,1
solving unification description logic flbottom,franz baader pavlos marantidis alexander okhotin,few_authors,0.30899710767568733,unification description logics dls introduced novel inference service used detect redundancies ontologies finding different concepts may potentially stand intuitive notion first investigated detail dl fl unification reduced solving certain language equations order increase recall method finding redundancies introduce investigate notion approximate unification basically finds pairs concepts almost unify meaning almost formalized using distance measures concepts show approximate unification fl reduced approximately solving language equations devise algorithms solving latter problem two particular distance measures,kr,year_post_2024,0.9722427416967726,semantic web ontologies,unification inference computer science theoretical computer science rule inference algorithm algebra field mathematics programming language artificial intelligence pure mathematics,1
comparative study text representations french realestate classified advertisements information extraction,lien vi pham son bao pham,few_authors,-0.2344115989263833,advertising appeared almost areas life large number advertisements especially real estate domain raised need effective way search find useful information users paper propose rulebased approach build information extraction system vietnamese online real estate advertisements experimental results shows approach promising overall fmeasure 91 collection data collected popular vietnamese real estate websites,kr,year_2022_2023,0.16402139163102464,web data mining analysis,vietnamese real estate computer science information extraction advertising domain mathematical analysis business information retrieval finance mathematics,2
contestable ai needs computational argumentation,francesco leofante hamed ayoobi adam dejl gabriel freedman deniz gorur junqi jiang guilherme paulino-passos antonio rago anna rapberger fabrizio russo xiang yin dekai zhang francesca toni,many_authors,5.743084173696394,ai become pervasive recent years stateoftheart approaches predominantly neglect need ai systems contestable instead contestability advocated ai guidelines eg oecd regulation automated decisionmaking eg gdpr position paper explore contestability achieved computationally ai argue contestable ai requires dynamic humanmachine andor machinemachine explainability decisionmaking processes whereby machines 1 interact humans andor machines progressively explain outputs andor reasoning well assess grounds contestation provided humans andor machines 2 revise decisionmaking processes redress issues successfully raised contestation given much current ai landscape tailored static ais need accommodate contestability require radical rethinking argue computational argumentation ideally suited support,kr,year_post_2024,0.5681320666638986,multiagent systems negotiation,argumentation theory computer science theoretical computer science artificial intelligence epistemology philosophy,3
description logics abstraction refinement alc el,carsten lutz lukas schulze,few_authors,-0.2344115989263833,study extensions description logics widely used el family operators make possible speak different levels abstraction analyze computational complexity reasoning show often complexity significantly lower corresponding extension expressive description logic alc slightly varying semantics also obtain case admits reasoning polynomial time,kr,year_post_2024,0.5681320666638986,semantic web ontologies,abstraction computer science programming language theoretical computer science epistemology philosophy,4
sampling probabilistic inference dslps,adam sanborn jian-qiao zhu jake spicer joakim sundh pablo león-villagrá nick chater,many_authors,1.9392232274818992,human beings perform well uncertain environments matching performance complex probabilistic models complex tasks language physical system prediction yet peoples judgments probabilities also display wellknown biases recently cognitive scientists explored possibility sampling algorithms used computer science approximate complex probabilistic models also used mind brain review experimental evidence characterises human sampling algorithm discuss algorithm could potentially explain apects movement asset prices financial markets also discuss many biases people display may direct result using small number samples using efficiently human beings make successful realtime decisions using rough estimates uncertainty suggests machine intelligence could,iclp,year_2022_2023,0.16402139163102464,complex systems time series analysis,probabilistic logic computer science inference sampling signal processing matching statistics artificial intelligence machine learning human intelligence asset computer security econometrics mathematics statistics,4
distributed answer set coloring stable models computation via graph coloring,marco de bortoli,single_author,-0.7778203055284539,answer set programming asp famous logic language knowledge representation really successful last years witnessed great interest development efficient solvers asp yet great request resources certain types problems planning ones still constitutes big limitation problem solving particularly case program grounded resolving phase exponential blow grounding generate huge ground file infeasible single machines limited resources thus preventing even discovering single nonoptimal solution address problem paper present distributed approach asp solving exploiting distributed computation benefits order overcome explained limitations presented tool called distributed answer set coloring dasc pure solver based wellknown graph coloring algorithm dasc part bigger project aiming bring logic programming distributed system started 2017 federico igne maspreduce continued 2018 pietro totis distributed grounder paper present low level implementation graph coloring algorithm via boost mpi libraries c finally provide results first working version tool moment without strong optimization heuristic,iclp,year_2018_2019,-1.4524213085004714,logic reasoning knowledge,computer science graph coloring solver answer set programming computation theoretical computer science graph set abstract data type heuristic distributed computing logic programming programming language artificial intelligence,3
counting solutions cardinality constraints structure counts counting,max bannach markus hecher,few_authors,-0.2344115989263833,model counting powerful extension constraint reasoning instead finding solution constraint system allows identify number solutions cardinality constraints used filter solutions certain quality restricting number elements added solution naturally one would like combine order count number solutions good quality unfortunately two concepts get along well 1 cardinality constraints may parsimonious due auxiliary variables systems number solutions may change uncontrolled way 2 constraints may destroy structural properties crucial performance modern solvers article provides systematic study existing cardinality constraints light model counting observing none parsimonious treewidthpreserving present structureaware cardinality constraints parsimonious guaranteed increase inputs treewidth controlled way detailed experiments reveal encodings outperform existing ones,kr,year_post_2024,0.9722427416967726,constraint satisfaction optimization,cardinality data modeling constraint computeraided design extension predicate logic filter signal processing treewidth cardinal number linguistics,1
google vs ibm constraint solving challenge jobshop scheduling problem,giacomo da col erich teppan,few_authors,-0.2344115989263833,jobshop scheduling one studied optimization problems dawn computer era present day combinatorial nature makes easily expressible constraint satisfaction problem paper compare performance two constraint solvers jobshop scheduling problem solvers question ortools opensource solver developed google winner last minizinc challenge cp optimizer proprietary ibm constraint solver targeted industrial scheduling problems comparison based goodness solutions found time required solve problem instances first target classic benchmarks literature carry comparison benchmark created known optimal solution size comparable realworld industrial problems,iclp,year_2018_2019,-1.4524213085004714,constraint satisfaction optimization,constraint satisfaction problem solver scheduling production processes constraint programming job shop scheduling ibm constraint satisfaction problem solver,4
analysis role syntax inductive inference,jesse heyninck richard booth thomas meyer lars-phillip spiegel,many_authors,0.852405814277758,inductive inference wellstudied form nonmonotonic reasoning various inference based conditional belief bases rather belief bases consisting classical logic statements given nonmonotonic nature many important logical properties taken granted classical case necessarily carry inference involving conditionals paper consider two propertiesequivalence languageindependence specifically provide different notions equivalence conditional case show satisfied forms conditional inference similarly consider different versions language independence test various forms conditional inference main overall contribution paper provides deeper theoretical insights field inductive inference,kr,year_post_2024,0.9722427416967726,logic reasoning knowledge,inference inductive reasoning nonmonotonic logic equivalence formal languages syntax rule inference logical consequence,3
ceqarg counterfactual explanations quantitative bipolar argumentation frameworks,xiang yin nico potyka francesca toni,few_authors,0.30899710767568733,growing interest understanding arguments strength quantitative bipolar argumentation frameworks qbafs existing studies focus attributionbased methods explain arguments strength assigning importance scores arguments fail explain change current strength desired one solve issue introduce counterfactual explanations qbafs discuss problem variants propose iterative algorithm named counterfactual explanations quantitative bipolar argumentation frameworks ceqarg ceqarg identify valid costeffective counterfactual explanations based two core modules polarity priority help determine updating direction magnitude argument respectively discuss formal properties counterfactual explanations empirically evaluate ceqarg randomly generated qbafs,kr,year_post_2024,0.5681320666638986,business process modeling analysis,counterfactual thinking argumentation theory computer science argumentation framework epistemology philosophy,1
introspecting preferences answer set programming,michael gelfond,no_author,-1.3212290121305246,far used asp knowledge bases get information truth falsity statements find objects satisfying simple properties types tasks normally performed database systems even though languages ability express recursive definitions methodology representing defaults various forms incomplete information gave us additional power allowed us construct rich elaborationtolerant knowledge bases types queries essentially remained databases,iclp,year_2018_2019,-1.8565319835333454,logic reasoning knowledge,set abstract data type answer set programming computer science programming language,4
modelling verification timed systems event calculus scasp,noauthor,no_author,-1.3212290121305246,noabstract,iclp,year_2020_2021,-0.6441999584347234,formal methods verification,automaton computer science theoretical computer science,2
apia architecture policyaware intentional agents,john meyer daniela inclezan,few_authors,-0.2344115989263833,paper introduces apia architecture policyaware intentional agents agents acting changing environments driven intentions yet abide domainrelevant policies work leverages aia architecture intentiondriven intelligent agents blount gelfond balduccini expands aia notions policy compliance authorization obligation policies specified language aopl gelfond lobo apia introduces various agent behavior modes corresponding different levels adherence policies apia reasoning tasks reduced computing answer sets using clingo solver python api,iclp,year_2020_2021,-0.6441999584347234,logic reasoning knowledge,architecture authorization python programming language solver computer science domain mathematical analysis problem solver obligation software engineering programming language political science computer security geography mathematics law,1
design solver multiagent epistemic planning,francesco fabiano,single_author,-0.7778203055284539,interest artificial intelligence continues grow becoming important investigate formalization tools allow us exploit logic reason world particular given increasing number multiagents systems could benefit techniques automated reasoning exploring new ways define worlds status also agents information constantly growing importance type reasoning ie agents perception world also agents knowledge others knowledge referred epistemic reasoning work try formalize concept expressed epistemic logic dynamic domains particular attempt define new actionbased language multiagent epistemic planning implement epistemic planner based solver provide tool flexible enough able reason different domains eg economy security justice politics reasoning others beliefs could lead winning strategies help changing group agents view world,iclp,year_2018_2019,-1.4524213085004714,logic reasoning knowledge,problem solver exploit planner solver epistemic modal logic automated planning scheduling knowledge representation reasoning automated reasoning,2
computational methods dynamic answer set programming,susana hahn,single_author,-0.7778203055284539,daily lives industrial settings often encounter dynamic problems require reasoning time metric constraints include tasks scheduling routing production sequencing dynamic logics traditionally addressed needs often lack flexibility integration required comprehensive problem modeling research aims extend answer set programming asp powerful declarative problemsolving approach handle dynamic domains effectively integrating concepts dynamic temporal metric logics asp seek develop robust systems capable modeling complex dynamic problems performing efficient reasoning tasks thereby enhancing asps applicability industrial contexts,iclp,year_post_2024,0.5681320666638986,logic reasoning knowledge,answer set programming computer science set abstract data type programming language algorithm,5
graph based answer set programming solver systems,fang li,single_author,-0.7778203055284539,answer set programming asp popular nonmonotoniclogic based paradigm knowledge representation solving combinatorial problems computing answer set asp program nphard general researchers investing significant effort speed majority current asp solvers employ sat solverlike technology find answer sets result justification literal answer set hard produce dependency graph based approaches find answer sets due representational limitations dependency graphs approaches limited paper proposes novel dependency graphbased approach finding answer sets conjunction goals explicitly represented node allows arbitrary answer set programs uniformly represented representation preserves causal relationships allowing justification literal answer set elegantly found paper explore two different approaches based graph representation bottomup topdown bottomup approach finds models assigning truth values along topological order topdown approach generates models starting constraints,iclp,year_2020_2021,-0.6441999584347234,logic reasoning knowledge,answer set programming computer science dependency graph solver theoretical computer science graph literal mathematical logic dependency uml set abstract data type knowledge representation reasoning representation politics logic programming artificial intelligence algorithm programming language,5
splitting hybrid asp program,alex brik,single_author,-0.7778203055284539,hybrid answer set programming hybrid asp extension answer set programming asp allows asplike rules interact outside sources splitting set theorem important extensively used result asp paper introduces splitting set theorem hybrid asp hybrid asp equivalent splitting set theorem shows applied simplify computing answer sets hybrid asp programs relevant practical applications,iclp,year_2020_2021,-1.0483106334675973,logic reasoning knowledge,answer set programming set abstract data type hybrid system extension predicate logic computer science programming language discrete mathematics mathematics theoretical computer science,5
logical foundations smart contracts,kalonji kalala,single_author,-0.7778203055284539,nowadays sophisticated domains emerging require appropriate formalisms specified accurately order reason one domain constituted smart contracts emerged cyber physical systems way enforcing formal agreements components systems smart contracts selfexecute run share business processes blockchain decentralized systems many different participants legal contracts many cases complex documents number exceptions many subcontracts implementation smart contracts based legal contracts long laborious task needs include actions procedures effects actions related execution contract ongoing open problem area formally account smart contracts using uniform somewhat universal formalism thesis proposes logical foundations smart contracts using situation calculus logic reasoning actions situation calculus one prominent logicbased artificial intelligence approaches provides enough logical mechanism specify implement dynamic complex systems contracts situation calculus suitable show worlds dynamically change smart contracts going implement golog written en prolog situation calculusbased programming language modeling complex dynamic behaviors,iclp,year_post_2024,0.5681320666638986,blockchain technology applications security,business computer science,3
pushdown reward machines reinforcement learning,giovanni varricchione toryn q. klassen natasha alechina mehdi dastani brian logan sheila a. mcilraith,many_authors,1.9392232274818992,reward machines rms automata structures encode nonmarkovian reward functions reinforcement learning rl rms reward behaviour representable regular languages paired rl algorithms exploit rm structure shown significantly improve sample efficiency many domains work present pushdown reward machines pdrms extension reward machines based deterministic pushdown automata pdrms recognise reward temporally extended behaviours representable deterministic contextfree languages making expressive reward machines introduce two variants pdrmbased policies one access entire stack pdrm one access top k symbols given constant k stack propose procedure check two kinds policies given environment pdrm constant k achieve optimal state values provide theoretical results establishing expressive power pdrms space complexity results proposed learning problems lastly propose approach offpolicy rl algorithms exploits counterfactual experiences pdrms conclude providing experimental results showing agents trained perform tasks representable deterministic contextfree languages using pdrms,kr,year_post_2024,0.9722427416967726,machine learning algorithms,reinforcement learning exploit constant computer programming pushdown automaton finitestate machine extension predicate logic counterfactual thinking task project management automaton,3
beyond logic programming legal reasoning,francesca toni,single_author,-0.7778203055284539,noabstract,iclp,year_2022_2023,0.16402139163102464,multiagent systems negotiation,argumentation theory computer science rotation formalisms three dimensions logic programming probabilistic argumentation nonmonotonic logic popularity argumentation framework artificial intelligence circumscription trace psycholinguistics programming language cognitive science epistemology mathematics philosophy psychology linguistics,5
proceedings 41st international conference logic programming iclp 2025 rende italy 1219th september 2025,paul tarau,single_author,-0.7778203055284539,noabstract,iclp,year_post_2024,1.3763534167296467,formal methods verification,viewpoints prolog key lock logic programming logic program knowledge representation reasoning logic model,1
operationalizing declarative procedural knowledge benchmark logic programming petri nets lppns,guanjun liu,single_author,-0.7778203055284539,noabstract,iclp,year_2020_2021,-1.0483106334675973,access control trust,petri net reachability computer science theoretical computer science programming language model checking tree set theory semantics computer science computation tree logic mathematics,5
enhancing compilationbased asp solving postponed atom discovery,andrea cuteri giuseppe mazzotta francesco ricca,few_authors,0.30899710767568733,noabstract,iclp,year_post_2024,0.9722427416967726,logic reasoning knowledge,logic programming automated reasoning logic program horn clause,5
preferential reasoning typicality asp weighted argumentation graphs gradual semantics,mario alviano laura giordano daniele theseider dupré,few_authors,0.30899710767568733,weighted knowledge bases description logics typicality provide logical interpretation multilayer perceptrons based conceptwise multipreferential semantics one hand finitely manyvalued case answer set programming asp shown suitable addressing defeasible reasoning weighted knowledge bases boolean fragment alc hand semantics weighted knowledge bases typicality different variants suggested new gradual argumentation semantics well approach defeasible reasoning weighted argumentation graph building gradual semantics specifically coherent semantics paper explore relationships weighted knowledge bases weighted argumentation graphs develop proof methods defeasible reasoning argumentation graph coherent semantics finitelyvalued case establish mapping weighted argumentation graph weighted knowledge base well lower bound complexity problem verifying graded implications argumentation graph coherent semantics also consider mapping weighted knowledge bases weighted argumentation graphs provide asp implementation experimental results,iclp,year_2022_2023,0.16402139163102464,logic reasoning knowledge,argumentation theory defeasible estate defeasible reasoning semantics computer science computer science deductive reasoning natural language processing modelbased reasoning artificial intelligence knowledge representation reasoning epistemology programming language philosophy,2
adapting approximation fixpoint theory nondeterministic hybrid reasoning,spencer killen jia-huai you jesse heyninck,few_authors,0.30899710767568733,approximation fixpoint theory aft robust popular mathematical framework characterizes many nonmonotonic semantics construction stable fixpoints called stable revision play central role nondeterministic aft recent development redefines aft nondeterministic setting capture disjunctive semantics theory departs traditional aft introducing distinct definitions thus raising question whether deterministic aft adopted directly define nondeterministic stable revision work proposes alternate theory creates new way study disjunctive semantics terms normal nondisjunctive knowledge bases demonstrate viability framework show capture stable partial stable models disjunctive logic programs study relationships alternative theory stateoftheart nondeterministic aft,iclp,year_post_2024,0.5681320666638986,advanced numerical methods computational mathematics,nondeterministic algorithm mathematics fixed point mathematical economics computer science discrete mathematics mathematical analysis,1
llasp finetuning large language models answer set programming,erica coppolillo francesco calimeri giuseppe manco simona perri francesco ricca,many_authors,1.3958145208798287,recently large language models llms showcased potential various natural language processing tasks including code generation however significant progress made adapting llms generate code several imperative programming languages tasks remains notable gap application declarative formalisms answer set programming asp paper move step towards exploring capabilities llms asp code generation first perform systematic evaluation several stateoftheart llms despite power terms number parameters training data computational resources empirical results demonstrate inadequate performances generating correct asp programs therefore propose llasp finetuned lightweight model specifically trained encode fundamental asp program patterns aim create adhoc dataset covering wide variety fundamental problem specifications encoded asp experiments demonstrate quality asp programs generated llasp remarkable holds true compared nonfinetuned counterpart also compared majority eager llm candidates particularly semantic perspective code data used perform experiments publicly available httpsgithubcomericacoppolillollasp,kr,year_post_2024,0.5681320666638986,multiagent systems negotiation,computer science set abstract data type programming language answer set programming,5
fastfound easing asp bottleneck via predicatedecoupled grounding,alexander beiser martin gebser markus hecher stefan woltran,many_authors,0.852405814277758,grounding bottleneck answer set programming prohibits large instances solved caused combinatorial explosion grounding phase standard groundampsolve systems promising alternative bodydecoupled grounding bdg grounds body predicate however bdg faces challenges terms worstcase grounding size limited interoperability systems paper addresses shortcomings bdg introducing fastfound alternative foundedness check significantly reduces grounding sizes grounding predicate fastfounds foundedness check done implicitly leads quadratic reduction grounding size start introducing fastfound tight normal rules observe substantially improved extend fastfound headcyclefree programs give novel interoperability results full disjunctive programs experimental evaluation prototype shows promising results solve groundingheavy tasks standard groundampsolve systems bdg,kr,year_post_2024,0.9722427416967726,logic reasoning knowledge,bottleneck ground interoperability set abstract data type answer set programming,1
automated playing survival video games commonsense reasoning,bryant hargreaves dan n. nguyen keegan krimbell gopal gupta,many_authors,0.852405814277758,noabstract,iclp,year_post_2024,0.5681320666638986,artificial intelligence games,computer science commonsense reasoning multimedia artificial intelligence humancomputer interaction computer graphics images,4
framework combining entity resolution query answering knowledge bases,ronald fagin phokion g. kolaitis domenico lembo lucian popa federico scafoglieri,many_authors,1.3958145208798287,propose new framework combining entity resolution query answering knowledge bases kbs tuplegenerating dependencies tgds equalitygenerating dependencies egds rules define semantics kb terms special instances involve equivalence classes entities sets values intuitively former collect entities denoting realworld object latter collect alternative values attribute approach allows us resolve entities bypass possible inconsistencies data design chase procedure tailored new framework feature never fails moreover chase procedure terminates produces universal solution turn used obtain certain answers conjunctive queries finally discuss challenges arising chase terminate,kr,year_2022_2023,0.16402139163102464,data quality management,computer science conjunctive query tuple chase semantics computer science equivalence formal languages information retrieval object grammar resolution logic feature linguistics theoretical computer science data mining relational database programming language database artificial intelligence mathematics discrete mathematics,3
relating answer set programming manysorted logics formal verification,zachary hansen,single_author,-0.7778203055284539,answer set programming asp important logic programming paradigm within field knowledge representation reasoning concise humanreadable declarative language asp excellent tool developing trustworthy especially artificially intelligent software systems however formally verifying asp programs offers unique challenges 1 lack modularity meanings rules difficult define isolation enclosing program 2 groundandsolve semantics meanings rules dependent input data program grounded 3 limitations existing tools research agenda focused addressing three issues intention making asp verification accessible routine task regularly performed alongside program development vein investigated alternative semantics asp based translations logic hereandthere manysorted firstorder logic semantics promote modular understanding logic programs bypass grounding enable us use automated theorem provers automatically verify properties programs,iclp,year_post_2024,0.5681320666638986,logic reasoning knowledge,programming language answer set programming computer science set abstract data type formal methods theoretical computer science,5
methods solving extremal problems practice,noauthor,no_author,-1.3212290121305246,noabstract,iclp,year_2016_2017,-2.6647533335990934,advanced data processing techniques,intuition computer science process computing control management automatic control industrial engineering mathematical optimization artificial intelligence control engineering engineering mathematics programming language,1
categorical explaining functors ensuring coherence logical explanations,stefano fioravanti francesco giannini pietro barbiero paolo frazzetto roberto confalonieri fabio zanasi nicolò navarin,many_authors,2.4826319340839698,posthoc methods explainable ai xai elucidate blackbox models identifying input features critical models decisionmaking recent advancements methods facilitated generation logicbased explanations capture interactions among input features however techniques often encounter critical limitations notably inability ensure logical consistency fidelity generated explanations models actual decisionmaking processes inconsistencies jeopardize reliability explanations particularly highrisk domains address gap introduce novel theoretically rigorous approach rooted category theory specifically propose concept explaining functor preserves logical entailment structurally explanations decisions blackbox models establishing categorical framework method guarantees coherence accuracy extracted explanations thus overcoming common pitfalls associated heuristicbased explanation methods demonstrate practical efficacy theoretical contributions two synthetic benchmarks highlight significant reductions contradictory unfaithful explanations experiments show framework provide mathematically grounded compositional coherent explanations,kr,year_post_2024,0.9722427416967726,explainable artificial intelligence xai,categorical variable coherence philosophical gambling strategy consistency knowledge bases logical consequence fidelity redundancy engineering reliability semiconductor,5
answer set counting applications network reliability system biology,mohimenul kabir,single_author,-0.7778203055284539,focused answer set programming asp specifically answer set counting exploring exact approximate methodologies developed exact asp counter sharpasp utilizes compact encoding propositional formulas significantly enhancing efficiency compared existing methods often struggle inefficient encodings evaluations indicate sharpasp outperforms current asp counters several benchmarks addition proposed approximate asp counter named approxasp hashingbased counter integrating gaussjordan elimination within asp solver clingo practical application employed approxasp network reliability estimation demonstrating superior performance traditional reliability estimators satbased methods,iclp,year_post_2024,0.9722427416967726,bayesian modeling causal inference,set abstract data type computer science programming language,4
enhancing linear algebraic computation logic programs using sparse representation,tuan quoc nguyen katsumi inoue chiaki sakama,few_authors,0.30899710767568733,abstract algebraic characterization logic programs received increasing attention recent years researchers attempt exploit connections linear algebraic computation symbolic computation perform logical inference largescale knowledge bases paper analyze complexity linear algebraic methods logic programs propose improvement using sparse matrices embed logic programs vector spaces show great power computation reaching fixed point immediate consequence operator particular performance computing least models definite programs dramatically improved using sparse matrix representation also apply method computation stable models normal programs guesses associated initial matrices verify effect small numbers negation results show good enhancement terms performance computing consequences programs depict potential power tensorized logic programs,iclp,year_2020_2021,-1.0483106334675973,formal methods verification,computer science computation inference theoretical computer science algebraic number algebraic operation linear logic algorithm artificial intelligence mathematics,3
inferring compensatory kinase networks yeast using prolog,george a. elder conrad bessant,few_authors,-0.2344115989263833,signalling pathways conserved across different species therefore making yeast model organism study via disruption kinase activity yeast 159 genes encode protein kinases phosphatases 136 counterparts humans therefore insight model organism could potentially offer indications mechanisms action human kinome study utilises prologbased approach data yeast kinase deletions strains study publicly available kinaseprotein associations prolog programming language wellsuited symbolic reasoning used reason data infer compensatory kinase networks approach based idea kinase knocked kinases may compensate loss activity background knowledge kinases targeting proteins used guide analysis knowledge used infer potential compensatory interactions kinases based changes phosphorylation observed phosphoproteomics data yeast study results demonstrate effectiveness prologbased approach analysing complex cell signalling mechanisms yeast inferred compensatory kinase networks provide new insights regulation cell signalling yeast may aid identification potential therapeutic targets modulating signalling pathways yeast organisms,iclp,year_2022_2023,0.16402139163102464,bioinformatics genomic networks,kinome kinase biology computational biology yeast phosphoproteomics model organism encode protein kinase cell biology biochemistry protein phosphorylation gene,2
automated aggregator rewriting counting aggregate,michael dingess miroslaw truszczynski,few_authors,-0.2344115989263833,answer set programming leading declarative constraint programming paradigm wide use complex knowledgeintensive applications modern answer set programming languages support many equivalent ways model constraints specifications program however far answer set programming failed develop systematic methodologies building representations would uniformly lend well automated processing suggests encoding selection way algorithm selection portfolio solving may viable direction improving performance answerset solving necessary precondition automating process generating possible alternative encodings present automated rewriting system automated aggregator aagg given nonground logic program produces family equivalent programs complementary performance run modern answer set programming solvers demonstrate behavior experimental analysis propose systems use automated answer set programming solver selection tools,iclp,year_2020_2021,-1.0483106334675973,logic reasoning knowledge,news aggregator rewriting aggregate composite computer science programming language world wide web materials science nanotechnology,1
combined problem online task assignment lifelong path finding logistics warehouses case study,fengming zhu weijia xu yifei guo fangzhen lin,many_authors,0.852405814277758,study combined problem online task assignment lifelong path finding crucial logistics industries however literature either 1 focuses lifelong path finding assuming given task assigner 2 studies offline version problem tasks known advance argue maximize system throughput online version integrates two components tackled directly end introduce formal framework combined problem solution concept design rulebased lifelong planner practical robot model works well even environments severe local congestion upon automate search task assigner respect underlying path planner simulation experiments conducted warehouse scenarios meituan one largest shopping platforms china demonstrate terms time efficiency system requires 8377 execution time needed currently deployed system meituan outperforming sota algorithms 809 bin terms economic efficiency achieve throughput 60 agents currently use code demos available httpsgithubcomfernadooonlinetapf,iclp,year_post_2024,0.9722427416967726,advanced manufacturing logistics optimization,task project management path computing warehouse computer science data warehouse operations research assignment problem business operations management mathematical optimization engineering database marketing mathematics computer network systems engineering,1
humancentered datadriven planneractorcritic architecture via logic programming,daoming lyu fangkai yang bo liu steven gustafson,many_authors,0.852405814277758,recent successes reinforcement learning rl allow agent learn policies surpass human experts suffers timehungry datahungry contrast human learning significantly faster prior general knowledge multiple information resources utilized paper propose planneractorcritic architecture humancentered planning learning pacman agent uses prior highlevel deterministic symbolic knowledge plan goaldirected actions also integrates actorcritic algorithm rl finetune behavior towards environmental rewards human feedback work first unified framework knowledgebased planning rl human teaching jointly contribute policy learning agent experiments demonstrate pacman leads significant jumpstart early stage learning converges rapidly small variance robust inconsistent infrequent misleading feedback,iclp,year_2018_2019,-1.4524213085004714,logic reasoning knowledge,planner reinforcement learning computer science artificial intelligence plan archaeology architecture variance accounting machine learning humancomputer interaction,1
geometric reasoning traveling salesperson problem comparing answer set programming constraint logic programming approaches,alessandro bertagnon marco gavanelli,few_authors,-0.2344115989263833,abstract travelling salesperson problem tsp wellknown problem computer science many realworld instances belong class euclidean tsp nodes visited lie euclidean plane additional information available respect generic tsp ie coordinates nodes visited known previous publications showed additional available information exploited speed search constraint logic programming clp answer set programming asp constraint asp casp framework joins clp asp aims combining features languages article address euclidean tsp casp specifically clingodl language solver propose new encodings tsp clingodl new encodings applicable general tsp also instances euclidean show speedup several orders magnitude respect previous encodings speedup obtained euclidean instances exploiting geometric reasoning,iclp,year_2022_2023,0.16402139163102464,logic reasoning knowledge,speedup constraint logic programming joins set abstract data type euclidean geometry constraint computeraided design class philosophy constraint programming,1
exploiting full power pearlaposs causality probabilistic logic programming,ellery eells,no_author,-1.3212290121305246,symbolic logic used book small part propositional logic also called sentential logic boolean logic appendix review relevant part simple area logic clarify notation terminology appendix introduction logic various important fine points distinctions mentioned hope suffice introduction basic ideas elementary part logic used book clarification logical terminology symbols used book,iclp,year_2022_2023,-0.24008928340184937,medieval classical philosophy,computer science,5
counterexampleguided abstraction refinement assumptionbased argumentation,jean marie lagniez emmanuel lonca jean-guy mailly,few_authors,0.30899710767568733,assumptionbased argumentation aba prominent formalism structured argumentation widely applied domains healthcare law robotics despite inherent computational complexity aba seen development effective techniques successfully address key tasks including evaluating acceptability literals computing framework extensions approaches typically involve translating initial aba framework intermediate formalism answer set program abstract argumentation framework encoded boolean satisfiability sat problem however translation lead large complex intermediate representations posing challenges stateoftheart sat solvers work propose counterexampleguided abstraction refinement cegar approach bypasses initial translation step cost incrementally discovering certain aba constraints explicitly captured initial sat encoding analyze performance method demonstrate outperforms stateoftheart approaches specific problem classes remaining competitive best existing solvers broadly,kr,year_post_2024,0.9722427416967726,multiagent systems negotiation,abstraction argumentation theory formalism music satisfiability key lock boolean satisfiability problem set abstract data type automated reasoning,2
tractable responsibility measures ontologymediated query answering,meghyn bienvenu diego figueira pierre lafourcade,few_authors,0.30899710767568733,recent work quantitative approaches explaining query answers employs responsibility measures assign scores facts order quantify respective contributions obtaining given answer paper study complexity computing responsibility scores setting ontologymediated query answering focusing recently introduced family shapleyvaluebased responsibility measures defined terms weighted sums minimal supports wsms exploiting results database setting show measures enjoy polynomial data complexity classes ontologymediated queries firstorderrewritable whereas problem becomes phard ontology language encode reachability queries via axioms like ra better understand tractability frontier next explore combined complexity wsms computation prove intractability applies already atomic queries ontology language supports conjunction well unions wellbehaved conjunctive queries even absence ontology contrast study yields positive results common dllite dialects means careful analysis identify classes structurally restricted conjunctive queries intuitively disallow undesirable interactions query atoms admit tractable wsms computation,kr,year_post_2024,0.9722427416967726,semantic web ontologies,conjunctive query boolean conjunctive query axiom query language ontology encode description logic measure data warehouse query optimization,4
demonstrating hybrid active logic documents ciao prolog playground application verification tutorials,daniela ferreiro josé f. morales salvador abreu manuel v. hermenegildo,many_authors,0.852405814277758,active logic documents ald web pages incorporate embedded prolog engines run locally within browser ald offers easy way add clicktorun capabilities kind teaching materials independently tool used generate well toolset generating webbased materials embedded examples exercises leverage components ciao prolog playground present demonstration ald approach ciao prolog playground well recent extension alds facilitate integration tools system creating hybrid active logic documents hald also present concrete application technologies creation tutorials program verification tool,iclp,year_2022_2023,0.16402139163102464,logic programming type systems,prolog computer science logic programming programming language extension predicate logic,3
counterfactual reasoning via grounded distance,carlos aguilera-ventura andreas herzig xinghan liu emiliano lorini,many_authors,0.852405814277758,conditional logics usually interpreted terms closest world minimal change relies measure distance worlds defined abstractly ie element model typical example concrete measure literature hamming distance show given countably infinite atomic propositions language hamming distance merely example grounded two arguably important conditional logics lewis vc vcu means formula satisfied vc resp vcu model satisfied vc resp vcu model whose distance worlds hammingian,kr,year_2022_2023,0.16402139163102464,logic reasoning knowledge,hamming distance hamming code measure data warehouse counterfactual thinking possible world computer science mathematics discrete mathematics distance measures theoretical computer science algorithm artificial intelligence epistemology data mining block code philosophy,2
pearceaposs characterisation epistemic domain,ezgi iraz su,single_author,-0.7778203055284539,answerset programming asp successful problemsolving approach logicbased ai asp problems represented declarative logic programs solutions identified answer sets equilibrium logic el generalpurpose nonmonotonic reasoning formalism based monotonic logic called hereandthere logic el basically proposed pearce foundational framework asp epistemic specifications es extensions aspprograms subjective literals new modal constructs asplanguage make possible check whether regular literal asp true every answerset program esprograms interpreted worldviews essentially collections answersets reflexive autoepistemic logic nonmonotonic formalism modeling selfbelief knowledge ideally rational agents relatively new semantics es based combination el reflexive autoepistemic logic paper first propose overarching framework epistemic asp domain establish correspondence existing reflexive autoepistemic equilibrium logics easilyadaptable comprehensive framework building pearces characterisation answersets equilibrium models achieve extending ferraris work answer sets propositional theories epistemic case reveal relationship essemantic proposals,iclp,year_post_2024,0.5681320666638986,epistemology ethics metaphysics,domain mathematical analysis epistemology data science psychology computer science philosophy mathematics,2
reasoning qualitative direction distance extended objects using answer set programming,yusuf izmirlioglu,single_author,-0.7778203055284539,thesis introduce novel formal framework represent reason qualitative direction distance relations extended objects using answer set programming asp take cardinal directional calculus cdc starting point extend cdc new sorts constraints involve defaults preferences negation call extended version ncdc extend ncdc augmenting qualitative distance relation name extension ncdc cdc ncdc ncdc introduce aspbased general framework solve consistency checking problems address composition inversion qualitative spatial relations infer unknown missing relations objects find suitable configuration objects fulfills given inquiry,iclp,year_2018_2019,-1.4524213085004714,logic reasoning knowledge,answer set programming cardinal direction spatial intelligence consistency knowledge bases extension predicate logic set abstract data type relation database qualitative reasoning,4
learning effect axioms via probabilistic logic programming,fabrizio riguzzi,single_author,-0.7778203055284539,probabilistic logic programming extends logic programming enabling representation uncertain information means probability theory probabilistic logic programming intersection two wider research fields integration logic probability probabilistic programming logic enables representation complex relations among entities probability theory useful model uncertainty attributes relations combining two active field study probabilistic programming extends programming languages probabilistic primitives used write complex probabilistic models algorithms inference learning tasks provided automatically system probabilistic logic programming time logic language knowledge representation capabilities turing complete language computation capabilities thus providing best worlds since birth field probabilistic logic programming seen steady increase activity many proposals languages algorithms inference learning foundations probabilistic logic programming aims providing overview field special emphasis languages distribution semantics one influential approaches book presents main ideas semantics inference learning highlights connections methods many examples book include link page web application httpcplinteu code run online,iclp,year_2016_2017,-2.2606426585662196,bayesian modeling causal inference,programming language probabilistic logic computer science logic programming artificial intelligence,2
independencies hidden structure probabilistic logic program,kilian rückschloß felix weitkämper,few_authors,-0.2344115989263833,pearl verma developed dseparation widely used graphical criterion reason conditional independencies implied causal structure bayesian network acyclic ground probabilistic logic programs correspond bayesian networks dependency graph compute conditional independencies dseparation latter present paper generalize reasoning nonground case first abstract notion probabilistic logic program away external databases probabilities obtain socalled program structures present correct metainterpreter decides whether certain conditional independence statement implied program structure given external database finally give fragment program structures obtain completeness statement conditional independence oracle close experimental evaluation approach revealing metainterpreter performs significantly faster checking definition independence using exact inference problog 2,iclp,year_2022_2023,0.16402139163102464,bayesian modeling causal inference,conditional independence bayesian network computer science probabilistic logic directed acyclic graph graphical model theoretical computer science dependency uml inference independence probability theory artificial intelligence programming language mathematics algorithm,5
explaining decisions ml models parameterized complexity analysis,sebastian ordyniak giacomo paesani mateusz rychlicki stefan szeider,many_authors,0.852405814277758,paper presents comprehensive theoretical investigation parameterized complexity explanation problems various machine learning ml models contrary prevalent blackbox perception study focuses models transparent internal mechanisms address two principal types explanation problems abductive contrastive local global variants analysis encompasses diverse ml models including decision trees decision sets decision lists ordered binary decision diagrams random forests boolean circuits ensembles thereof offering unique explanatory challenges research fills significant gap explainable ai xai providing foundational understanding complexities generating explanations models work provides insights vital research domain xai contributing broader discourse necessity transparency accountability ai systems,kr,year_post_2024,0.5681320666638986,simulation techniques applications,parameterized complexity computer science algorithm,1
repairing general game descriptions,yifan he munyque mittelmann aniello murano abdallah saffidine michael thielscher,many_authors,1.3958145208798287,game description language gdl widely used formalism specifying rules general games writing correct gdl descriptions challenging especially nonexperts automated theorem proving proposed assist game design verifying gdl description satisfies desirable logical properties however description proved faulty repair task done manually motivated work repairing unsolvable planning domain descriptions define general problem finding minimal repairs gdl descriptions violate formal requirements provide complexity results various computational problems related minimal repair moreover present answer set programmingbased encoding solving minimal repair problem demonstrate application automatically repairing illdefined game descriptions,kr,year_post_2024,0.9722427416967726,artificial intelligence games,formalism music set abstract data type domain mathematical analysis task project management formal description automated theorem proving computational complexity theory,1
xdnnasp explanation generation system deep neural networks powered answer set programming,ly ly trieu tran cao son,few_authors,-0.2344115989263833,explainable artificial intelligence xai gained significant attention recent years among things explainablility deep neural networks topic intensive research due meteoric rise prominence deep neural networks blackbox nature xai approaches characterized along different dimensions scope global versus local explanations underlying methodologies statisticbased versus rulebased strategies methods generating global explanations aim provide reasoning process applicable possible output classes local explanation methods focus single specific class shap shapley additive explanations wellknown statistical technique identifies important features network deep neural network rule extraction method constructs ifthen rules link input conditions class another approach focuses generating counterfactuals help explain small changes input affect models predictions however techniques primarily focus inputoutput relationship thus neglect structure network explanation generation work propose xdnnasp explanation generation system deep neural networks provides global explanations given neural network model training data xdnnasp extracts logic program answer set semantics thatin ideal caserepresents trained model ie answer sets extracted program correspond onetoone inputoutput pairs network demonstrate experimentally using two synthetic datasets extracted logic program maintains highlevel accuracy prediction task also provides valuable information understanding model importance features well impact hidden nodes prediction latter used guide reducing number nodes used hidden layers ie providing means optimizing network,iclp,year_post_2024,0.9722427416967726,explainable artificial intelligence xai,artificial neural network deep learning counterfactual conditional focus optics semantics computer science set abstract data type process computing scope computer science,5
teaching prolog grammars,helder coelho josé carlos cotta,few_authors,-0.2344115989263833,noabstract,iclp,year_post_2024,0.5681320666638986,semantic web ontologies,definite clause grammar computer science natural language processing rulebased machine translation parsing sentence syntax artificial intelligence semantic interpretation logical form phrase structure grammar programming language prolog linguistics contextfree grammar philosophy,4
model reconciliation reconcile robot know humanaposs model,ho tuan dung tran cao son,few_authors,-0.2344115989263833,model reconciliation problem mrp introduced address issues explainable ai planning solution mrp explanation differences models human planning agent robot approaches solving mrps assume robot needs provide explanations knows human model assumption always realistic several situations eg human might decide update model robot unaware updates paper propose dialogbased approach computing explanations mrps assumptions robot know human model ii human robot share set predicates planning domain exchanges action descriptions fluents values iii communication parties perfect iv parties truthful solution mrp computed dialog defined sequence rounds exchanges robot human round robot sends potential explanation called proposal human replies evaluation proposal called response develop algorithms computing proposals robot responses human implement algorithms system combines imperative means answer set programming using multishot feature clingo,iclp,year_2022_2023,-0.24008928340184937,logic reasoning knowledge,robot dialog box computer science set abstract data type answer set programming artificial intelligence domain mathematical analysis humancomputer interaction action physics programming language mathematics world wide web,2
concerning measures firstorder logic actions metabeliefs,daxin liu qihui feng vaishak belle gerhard lakemeyer,many_authors,0.852405814277758,unification logic probability seen longstanding concern philosophy mathematical logic paper propose new general probabilistic modal logic belief onlybelieving situation calculus logic express continuous discrete degrees belief importantly expressing degrees belief arbitrary firstorder formulas dynamic setting possible first time going well beyond previous proposals fluents assumed nullary discrete show notion belief retains many properties known previous related work,kr,year_2022_2023,0.16402139163102464,logic reasoning knowledge,unification probabilistic logic modal logic multimodal logic normal modal logic dynamic logic digital electronics situation calculus probabilistic logic network computer science probabilistic argumentation epistemic modal logic subjective logic accessibility relation calculus dental mathematics modal artificial intelligence autoepistemic logic description logic,2
omegacompleteness logic hereandthere strong equivalence logic programs,jorge fandinno vladimir lifschitz,few_authors,-0.2344115989263833,theory strongly equivalent transformations essential part methodology representing knowledge answer set programming strong equivalence two programs sometimes characterized possibility deriving rules program rules deductive system paper describes system property language minigringo key proof completeness theorem manysorted logic hereandthere,kr,year_2022_2023,0.16402139163102464,logic reasoning knowledge,equivalence formal languages completeness order theory programming language logic programming gdels completeness theorem computer science logical equivalence property philosophy discrete mathematics answer set programming key lock mathematics calculus dental theoretical computer science algebra field pure mathematics epistemology philosophy,3
justifications goaldirected constraint answer set programming,joaquín arias manuel carro zhuo chen gopal gupta,many_authors,0.852405814277758,ethical legal concerns make necessary programs may directly influence life people via eg legal health counseling justify humanunderstandable terms advice given answer set programming rich semantics makes possible concisely express complex knowledge however justifying answer consequence asp program may nontrivial even user expert given domain necessarily knowledgeable asp asp systems generate answers using satsolving procedures ground rules match humans perceive reasoning propose using scasp querydriven topdown execution model predicate asp constraints generate justification trees constrained answer sets operational semantics scasp relies backward chaining intuitive follow lends generating explanations easier translate natural language show scasp provides minimal justifications among others relevant examples proposed literature search trees importantly explanations natural language validate design real asp applications evaluate cost generating scasp justification trees,iclp,year_2020_2021,-1.0483106334675973,logic reasoning knowledge,casp answer set programming computer science programming language semantics computer science set abstract data type natural language predicate mathematical logic forward chaining theoretical computer science artificial intelligence expert system,5
report sequential krapproaches cognitive logic,srinivas devadas,single_author,-0.7778203055284539,noabstract,kr,year_post_2024,0.5681320666638986,formal methods verification,computer science programming language,2
compactness preservation logical argumentation frameworks,ofer arieli christian straßer,few_authors,-0.2344115989263833,paper considers various aspects representing arguments logical argumentation frameworks investigate different approaches address consistency minimality within frameworks arguing properties cases omitted definition argument analyze relationship consistency verified selection attack rules showing choice align underlying logic based results propose compact representations logical argumentation frameworks examine methods transforming one framework another eg concise version without losing logical entailments,kr,year_post_2024,0.9722427416967726,multiagent systems negotiation,argumentation theory consistency knowledge bases representation politics logical framework logical consequence selection genetic algorithm argumentation framework,2
aspbased approach attractor enumeration synchronous asynchronous boolean networks,tarek khaled belaïd benhamou,few_authors,-0.2344115989263833,boolean networks conventionally used represent simulate gene regulatory networks analysis dynamic boolean network attractors objects special attention work propose novel approach based answer set programming asp express boolean networks simulate dynamics networks work focuses identification attractors relies exhaustive enumeration attractors synchronous asynchronous boolean networks applied evaluated proposed approach real biological networks obtained results indicate novel approach promising,iclp,year_2018_2019,-1.4524213085004714,gene regulatory network analysis,boolean network asynchronous communication attractor enumeration set abstract data type boolean expression boolean function andinverter graph biological network,4
constructionist codesign learning experience workinprogress engaging teachers integrate logic programming primary school,maria daskolia jaume piera karen soacha,few_authors,0.30899710767568733,engaging teachers codesign educational scenarios aiming integrate citizen observatories technologies schoolbased environmental education,iclp,year_post_2024,0.9722427416967726,environmental education sustainability,computer science citizen science environmental education pedagogy sociology physics,3
variantbased equational unification constructor symbols,damián aparicio-sánchez santiago escobar julia sapiña,few_authors,0.30899710767568733,equational unification two terms consists finding substitution applied terms makes equal modulo equational properties narrowingbased equational unification algorithm relying concept variants term available recent version maude version 30 provides quite sophisticated unification features variant term pair consisting substitution sigma canonical form tsigma variantbased unification decidable equational theory satisfies finite variant property however unification procedure take account constructor symbols thus may compute many unifiers necessary may able stop immediately paper integrate notion constructor symbol variantbased unification algorithm experiments positive negative unification problems show impressive speedup,iclp,year_2020_2021,-1.0483106334675973,logic programming type systems,unification decidability modulo substitution logic term time computer science algebra field property philosophy symbol formal algorithm mathematics programming language discrete mathematics pure mathematics physics,2
formalisation action durations answer set programming,etienne tignon,single_author,-0.7778203055284539,paper discuss work currently phd student university potsdam tutoring schaub im currently looking action description asp precisely goal explore represent actions durations asp different contexts right im focused multiagent path finding mapf looking represent speeds different agents contexts tackling duration wanted explore compare different representations action taking asp started comparing different simple encodings tackling mapf problem even simple code choices assumptions made creations objective work present consequences design decisions terms performance knowledge representation far know current research topic besides im also exploring different ways represent duration solve related problems planed compare way described also want help find innovative effective ways solve problems duration,iclp,year_2020_2021,-0.6441999584347234,logic reasoning knowledge,duration music action physics simple philosophy set abstract data type computer science representation politics code set theory path computing work physics mathematics education operations research epistemology mathematics programming language political science law engineering,5
autonomous task completion based goaldirected answer set programming,alexis r. tudor,single_author,-0.7778203055284539,task planning autonomous agents typically done using deep learning models simulationbased reinforcement learning research proposes combining inductive learning techniques goaldirected answer set programming increase explainability reliability systems task breakdown completion preliminary research led creation python harness utilizes scasp solve task problems computationally efficient way although research early stages exploring solutions complex problems simulated task completion,iclp,year_post_2024,0.5681320666638986,logic reasoning knowledge,task project management computer science goal programming set abstract data type answer set programming goal orientation programming language psychology operations research social psychology management mathematics,5
nonmonotone fixpoint theory based structure weak bilattices,angelos charalambidis giannos chatziagapis babis kostopoulos panos rondogiannis,many_authors,0.852405814277758,extend wellknown representation theorem interlaced bilattices broader class weak interlaced bilattices based new theorem develop fixpoint theory nonmonotone functions weak infinitarily interlaced bilattices theory generalizes classical fixpoint constructions introduced fitting aswellas recent results area approximation fixpoint theory argue proposed theory direct practical applications develop semantics higherorder logic programming negation arbitrary weak infinitarily interlaced bilattice negation generalizing way recent work threevalued semantics formalism consider line research initiated fitting investigates structure consistent parts bilattices order obtain natural generalizations kleenes threevalued logic demonstrate consistent parts bilattices closely connected weak bilattices generalizing previous results fitting kondo,kr,year_post_2024,0.5681320666638986,advanced algebra logic,monotone polygon fixed point computer science mathematics discrete mathematics mathematical analysis geometry,1
adding circumscription decidable fragments firstorder logic complexity rollercoaster,carsten lutz quentin manière,few_authors,-0.2344115989263833,study extensions expressive decidable fragments firstorder logic circumscription considering particular twovariable fragment fo2 extension c2 counting quantifiers guarded fragment gf prove unary predicates minimized fixed circumscription decidability logical consequence preserved fo2 complexity increases nexp nexpnpcomplete gf remarkably increases 2exp towercomplete c2 remains open also consider querying circumscribed knowledge bases whose ontology gf sentence showing problem decidable unions conjunctive queries towercomplete combined complexity elementary data complexity already atomic queries ontologies sets guarded existential rules however every k gt 0 ontology query kexphard data complexity,kr,year_post_2024,0.5681320666638986,logic reasoning knowledge,circumscription decidability computer science order exchange firstorder logic mathematics discrete mathematics algorithm programming language,2
twovariable logic hierarchically partitioned ordered data,oskar fiuk emanuel kieroński vincent michielini,few_authors,0.30899710767568733,study twovariable firstorder logic fo2 semantic constraints model hierarchically structured data first logic extends fo2 linear order lt chain increasingly coarser equivalence relations e1 e2 show finite satisfiability problem nexptimecomplete also demonstrate weaker variant logic without linear order enjoys exponential model property second logic extends fo2 chain nested total preorders 1 2 prove finite satisfiability problem also nexptimecompletehowever show complexity increases expspacecomplete access successor relations preorders allowed last result undecidability fo2 two independent chains nested equivalence relations,kr,year_post_2024,0.9722427416967726,logic reasoning knowledge,satisfiability equivalence formal languages equivalence relation boolean satisfiability problem decidability successor cardinal fragment logic chain unit,2
general game playing killer app logic programming,michael thielscher,single_author,-0.7778203055284539,noabstract,iclp,year_post_2024,0.5681320666638986,multiagent systems negotiation,computer science correctness combinatorial game theory set abstract data type video game design game mechanics sequential game answer set programming class philosophy game design repeated game game developer game programming humancomputer interaction artificial intelligence game theory programming language game design document mathematical economics mathematics,3
recursive aggregates intensional functions,jorge fandinno zachary hansen,few_authors,-0.2344115989263833,paper shows semantics programs aggregates implemented solvers clingo dlv characterized extended firstorder formulas intensional functions logic hereandthere furthermore characterization used study strong equivalence programs aggregates either semantics also present transformation reduces task checking strong equivalence reasoning classical firstorder logic serves foundation automating procedure,iclp,year_2022_2023,0.16402139163102464,logic reasoning knowledge,equivalence formal languages semantics computer science answer set programming set abstract data type programming language computer science mathematics algebra field theoretical computer science discrete mathematics pure mathematics,4
generative logic teaching prolog generative ai art design,shalin hai-jew,single_author,-0.7778203055284539,instructional designers often pride using cuttingedge commercial authoring tools available achieve work creations meet high technical standards order function digital environment learning management systems content management systems social media digital content platforms others present moment generative ai tools enable making novel texts digital visuals among others major extant question best harness generative artmaking ais instructional design work case work explores professionally ethical legal ways use generative artmaking ais id work innovative approach based review literature year using several free webfacing artmaking generative ais craiyon deep dream generator others open public beta learning applied instructional design work several decades,iclp,year_post_2024,0.5681320666638986,virtual reality applications impacts,generative grammar generative design computer science instructional design work physics function biology multimedia engineering artificial intelligence,2
credible models belief update,eduardo fermé sébastien konieczny ramón pino pérez nicolas schwind,many_authors,0.852405814277758,work address one important problem katsuno mendelzon update operators require updated belief base must entail new input consistent way assumes situation updated one satisfying input unrealistic solve problem must relax either success consistency principle case leads distinct family update operators semantically characterize plausibility relations possible worlds considering credibility limit aims forbid unrealistic changes discuss cases one family adequate one,kr,year_2022_2023,0.16402139163102464,logic reasoning knowledge,credibility consistency knowledge bases computer science belief revision limit mathematics base topology theoretical computer science artificial intelligence mathematics epistemology,1
geospatial trajectory generation via efficient abduction deployment independent testing,divyagna bavikadi dyuman aditya devendra parkar paulo shakarian graham mueller chad parvis gerardo i. simari,many_authors,2.4826319340839698,ability generate artificial human movement patterns meeting location time constraints important problem security community particularly enables study analog problem detecting patterns maintaining privacy frame problem instance abduction guided novel parsimony function represented aggregate truth value annotated logic program approach added benefit affording explainability analyst user showing subset program provide lower bound parsimony requirement able abduce movement trajectories efficiently informed ie search describe implementation enhanced application multiple techniques order scaled integrated cloudbased software stack included bottomup rule learning geolocated knowledge graph retrievalmanagement interfaces government systems independently conducted governmentrun tests provide results also report experiments showing provide exact results also scale large scenarios provide realistic agent trajectories go undetected machine learning anomaly detectors,iclp,year_post_2024,0.5681320666638986,data management algorithms,geospatial analysis software deployment trajectory computer science geography software engineering cartography physics astronomy,1
streamlining inputoutput logics sequent calculi,agata ciabattoni dmitry rozplokhas,few_authors,-0.2344115989263833,inputoutput io logic general framework reasoning conditional norms andor causal relations streamline bochmans causal io logics via proofsearchoriented sequent calculi calculi establish natural syntactic link derivability logics original io logics consequence results obtain new simple semantics logics complexity bounds embeddings normal modal logics efficient deduction methods work encompasses many scattered results provides uniform solutions various unresolved problems,kr,year_2022_2023,0.16402139163102464,logic reasoning knowledge,sequent tnorm fuzzy logics sequent calculus natural deduction monoidal tnorm logic semantics computer science accessibility relation normal modal logic modal computer science kripke semantics simple philosophy modal logic algorithm mathematics theoretical computer science algebra field calculus dental discrete mathematics description logic artificial intelligence pure mathematics programming language intermediate logic multimodal logic mathematical proof epistemology,2
democratising access logic programming web application design tool querying prolog code,ralph clarke haygood,no_author,-1.3212290121305246,abstract sicstus prolog sequential prolog implementation built around version warren abstract machine wam several years sicstus supported wamtonative code compilation sun workstations old scheme neither portable open experiments would desirable support colleagues sicstus group developed new scheme performs slightly better portability enhancement achieved introducing new abstract machine fragment idealized generalpurpose architecture wam native code targets allows complexity native code compilation phases containing wellencapsulated target dependencies moreover allows runtime library native code substantially targetindependent risc targets derivative new abstract machine allows quasitargetindependent instruction scheduling performed paper explains sicstus approach native code compilation presents new scheme detail evaluates respect portability performance,iclp,year_post_2024,0.5681320666638986,qr code applications technologies,programming language prolog computer science code set theory,2
reliable conversational agents asp control understand natural language,yankai zeng,single_author,-0.7778203055284539,efforts made make machines converse like humans past decadesthe recent techniques large language models llms make possible humanlike conversations machines llms flaws lacking understanding reliability well documentedwe believe best way eliminate problem use llms parsers translate text knowledge vice versa carry conversation reasoning knowledge using answer set programmingi developing framework based llms asp realize reliable chatbots understand human conversationthis framework used develop taskspecific chatbots well socialbotsmy future research focused making chatbots scalable trainable,iclp,year_post_2024,0.5681320666638986,robotics automated systems,computer science natural archaeology natural language processing control management linguistics artificial intelligence biology philosophy,1
learning commonsense knowledge interactive dialogue,benjamin wu alessandra russo mark law katsumi inoue,many_authors,0.852405814277758,one difficult problems artificial intelligence related acquiring commonsense knowledge create collection facts information ordinary person know work present system limited background knowledge able learn form simple concepts interactive dialogue user approach problem using syntactic parser along mechanism check synonymy translate sentences logical formulas represented event calculus using answer set programming asp reasoning learning tasks automatically generated translated text learning initiated question answering system capable learning contextual knowledge prior dialogue system evaluated stories inspired facebooks babis questionanswering tasks appropriate question answering able respond accurately dialogues,iclp,year_2018_2019,-1.8565319835333454,multiagent systems negotiation,computer science commonsense knowledge question answering commonsense reasoning parsing artificial intelligence set abstract data type natural language processing event particle physics knowledge representation reasoning programming language,2
argumentative causal discovery,fabrizio russo anna rapberger francesca toni,few_authors,0.30899710767568733,causal discovery amounts unearthing causal relationships amongst features data crucial companion causal inference necessary build scientific knowledge without resorting expensive impossible randomised control trials paper explore reasoning symbolic representations support causal discovery specifically deploy assumptionbased argumentation aba wellestablished powerful knowledge representation formalism combination causality theories learn graphs reflect causal dependencies data prove method exhibits desirable properties notably natural conditions retrieve groundtruth causal graphs also conduct experiments implementation method answer set programming asp four datasets standard benchmarks causal discovery showing method compares well established baselines,kr,year_post_2024,0.5681320666638986,semantic web ontologies,argumentative computer science artificial intelligence epistemology philosophy,3
architecture simulating behavior mode changes normaware autonomous agents,sean glaze daniela inclezan,few_authors,-0.2344115989263833,paper presents architecture simulating actions normaware intelligent agent whose behavior respect norm compliance set later changed human controller updating agents behavior mode normabiding riskier one may relevant agent involved timesensitive rescue operations example base work authorization obligation policy language aopl designed gelfond lobo specification norms introduce architecture prototype software system used simulate agents plans different behavior modes later changed controller envision software useful policy makers readily understand agents may act certain situations based agents attitudes towards normcompliance policy makers may refine policies simulations show unwanted consequences,iclp,year_post_2024,0.5681320666638986,multiagent systems negotiation,architecture norm philosophy computer science mode computer interface psychology humancomputer interaction political science art visual arts,2
mtlearn extracting temporal rules using datalog rule learners,dingmin wang przemysław andrzej wałęga bernardo cuenca grau,few_authors,0.30899710767568733,propose framework temporal rule learning datasets capitalises availability increasingly mature datalog rule learners approach based idea splitting temporal dataset windows extracting static rules window offtheshelf datalog rule learner combining obtained static rules temporal rules corresponding whole dataset temporal rules generated approach expressed datalogmtl assigned timesensitive confidence scores implemented approach system mtlearn compatible datalog rule learner well range strategies scoring output temporal rules evaluation results task temporal link prediction show proposed approach highly competitive achieve performance comparable stateoftheart machine learning models extrapolation interpolation settings time providing interpretable results,kr,year_post_2024,0.5681320666638986,data mining algorithms applications,datalog computer science programming language natural language processing artificial intelligence,1
solving gossip problems using answer set programming epistemic planning approach,esra erdem andreas herzig,few_authors,-0.2344115989263833,investigate use answer set programming solve variations gossip problems modeling epistemic planning problems,iclp,year_2020_2021,-1.0483106334675973,logic reasoning knowledge,gossip answer set programming set abstract data type questions answers gossip protocol,4
inductive firstorder formula synthesis asp case study invariant inference,ziyi yang george pîrlea ilya sergey,few_authors,0.30899710767568733,present framework synthesising formulas firstorder logic fol examples unifies advances stateoftheart approaches inference transition system invariants study categorise existing methodologies encoding techniques formula synthesis via answer set programming asp based derived categorisation propose orthogonal slices new technique formula enumeration partitions search space manageable chunks enabling two approaches incremental candidate pruning using combination existing techniques firstorder fo invariant synthesis orthogonal slices implemented framework force significantly accelerate stateoftheart algorithm distributed system invariant inference also show approach facilitates composition different invariant inference frameworks allowing novel optimisations,iclp,year_post_2024,0.9722427416967726,modeldriven software engineering techniques,invariant physics inference set abstract data type rule inference algebra field,3
towards parallelising extension construction serialisable semantics abstract argumentation,lars bengel matthias thimm,few_authors,-0.2344115989263833,consider recently proposed notion serialisability semantics abstract argumentation frameworks notion describes method serialised nondeterministic construction extensions iterative addition nonempty minimal admissible sets depending semantics task enumerating extensions argumentation framework computationally complex serialisability provides natural way parallelising construction extensions admissiblebased semantics work investigate feasibility using serialisable construction scheme efficient enumeration extensions example recently introduced unchallenged semantics provide experimental evaluation,kr,year_2022_2023,0.16402139163102464,multiagent systems negotiation,argumentation theory extension predicate logic semantics computer science computer science scheme mathematics theoretical computer science task project management argumentation framework programming language mathematics,1
ontologybased query answering datalogexpressible rule sets undecidable,david carral lucas larroque michaël thomazo,few_authors,0.30899710767568733,ontologybased query answering problem takes input set facts f ontology r typically expressed existential rules boolean query q asks whether r f entails q problem undecidable general widely investigated approach tackle called query rewriting rq rule query computed qr set facts f holds r f entail q iff f entails qr literature mostly focused qr expressed union conjunctive queries ucqs algorithm qr whenever exists proposed literature however ucqrewritability applicable restricted settings raises question whether generic algorithm designed expressive language datalog solve question negative studying difference datalogexpressibility datalogrewritability particular show query answering datalogexpressible rule queries undecidable,kr,year_post_2024,0.5681320666638986,semantic web ontologies,datalog undecidable problem computer science conjunctive query ontology programming language decidability theoretical computer science information retrieval relational database,4
reasoning study regulations answer set programming preliminary report,susana hahn torsten schaub cedric martens amade nemes henry otunuya javier romero sebastian schellhorn,many_authors,2.4826319340839698,abstract interested automating reasoning study regulations catering various stakeholders ranging administrators faculty students different stages work builds extensive analysis various study programs university potsdam conceptualization underlying principles provides us formal account study regulations particular formalization reveals properties admissible study plans end propose encoding study regulations answer set programming produces corresponding study plans finally show approach extended generic user interface exploring study plans,iclp,year_2022_2023,0.16402139163102464,logic reasoning knowledge,answer set programming computer science set abstract data type programming language,5
proceedings 36th international conference logic programming technical communications iclp technical communications 2020 technical communications unical rende cs italy 1824th september 2020,noauthor,no_author,-1.3212290121305246,noabstract,iclp,year_2020_2021,-1.0483106334675973,engineering education pedagogy,computer science,1
reasoning knowledge regular expressions 2exptimecomplete,avijeet ghosh sujata ghosh françois schwarzentruber,few_authors,0.30899710767568733,logics reasoning knowledge actions seen many applications various domains multiagent systems including epistemic planning change knowledge based observations surroundings forms key aspect planning scenarios public observation logic pol variant public announcement logic reasoning knowledge gets updated based public observations state epistemic kripke model equipped set expected observations states evolve expectations get matched actual observations work prove satisfiability problem pol 2exptimecomplete,kr,year_post_2024,0.9722427416967726,logic reasoning knowledge,set abstract data type key lock state computer science epistemic modal logic automated reasoning nonmonotonic logic satisfiability knowledge representation reasoning,2
weighted merging operators product utilitybased operators egalitarianism,patricia everaere sébastien konieczny ramón pino pérez,few_authors,0.30899710767568733,propose new operators weighted propositional belief merging operators introduce distancebased operators use product aggregation function social choice theory product called nash welfare function known equitable social welfare function classical utilitarian welfare function based sum study properties satisfied obtained corresponding weighted merging operators particular show unlike nash welfare function distancebased operators using product satisfy pigoudalton property introduce new family weighted merging operators call utilitybased weighted merging operators utility roughly converse distance distancebased operators wellknown distancebased operators easy find corresponding utilitybased merging operators interesting result utilitybased weighted merging operator based product correspond standard distancebased weighted merging operator operator satisfies pigoudalton property,kr,year_post_2024,0.5681320666638986,multicriteria decision making,operator biology function biology product mathematics converse mathematics social choice theory property philosophy computer science mathematical optimization mathematical economics,1
revising boolean logical models biological regulatory networks,frederico aleixo matthias knorr joão leite,few_authors,0.30899710767568733,boolean regulatory networks used represent complex biological processes modelling interactions biological compounds proteins genes substances cell creating maintaining computational models networks crucial comprehending corresponding cellular processes allow reproducing known behaviours testing new hypotheses predictions silico context model revision focuses validating necessary repairing existing models based new experimental data however model revision commonly performed manually inefficient prone error existing automated solutions either apply simpler networks limited revision process since may able produce solution within reasonable time frame miss optimal solution paper develop solution revising logical models boolean regulatory networks able find repairs consistent provided possibly incomplete experimental data minimal wrt differences original network show solution used revise different realworld boolean logical models efficiently surpassing previous solution terms solved instances considerable margin wrt processing time,kr,year_2022_2023,0.16402139163102464,gene regulatory network analysis,computer science context archaeology process computing theoretical computer science biological network frame networking margin machine learning andinverter graph gene regulatory network boolean network boolean function logical data model boolean model boolean expression data modeling algorithm machine learning computational biology mathematics software engineering programming language gene biology,3
llms solve asp problems insights benchmarking study,lin ren guohui xiao guilin qi yishuai geng haohan xue,many_authors,1.3958145208798287,answer set programming asp powerful paradigm nonmonotonic reasoning recently large language models llms demonstrated promising capabilities logical reasoning despite potential current evaluations llm capabilities asp often limited existing works normally employ overly simplified asp programs support negation disjunction multiple answer sets furthermore lack benchmarks introduce tasks specifically designed asp solving bridge gap introduce aspbench comprehensive asp benchmark including three asp specific tasks asp entailment answer set verification answer set computation extensive evaluations aspbench reveal 14 stateoftheart llms including deepseekr1 o4mini gemini25flashthinking perform relatively well first two simpler tasks struggle answer set computation core asp solving findings offer insights current limitations llms asp solving highlights need new approaches integrate symbolic reasoning capabilities effectively code dataset available httpsgithubcomhomurataspbench,kr,year_post_2024,0.9722427416967726,logic reasoning knowledge,answer set programming set abstract data type benchmarking core optical fiber bridge graph theory automated reasoning,3
contractions based optimal repairs,franz baader renata wassermann,few_authors,-0.2344115989263833,removing unwanted consequences knowledge base investigated belief change name contraction called repair ontology engineering simple repair contraction approaches based removing statements knowledge base respectively called belief base contractions classical repairs disadvantage syntaxdependent may remove consequences necessary belief set contractions problems may result belief sets finite representation one works logics fragments propositional logic similarly optimal repairs syntaxindependent maximize retained consequences may exist paper want leverage advances characterizing computing optimal repairs ontologies based description logics el obtain contraction operations combine advantages belief set belief base contractions basic idea employ partial meet contraction approach optimal repairs instead optimal classical repairs remainders introduce new approach general setting prove characterization theorem relates obtained contractions wellknown postulates consider several interesting instances standard repaircontraction setting one wants get rid consequence also settings variants forgetting propositional description logic extended version article accepted kr 2024,kr,year_post_2024,0.5681320666638986,auction theory applications,computer science,1
early validation highlevel requirements cyberphysical systems,ondřej vašíček,single_author,-0.7778203055284539,overarching broad topic research advancements area safetycritical cyberphysical systems cps development emphasis validation verification particular focus research early validation highlevel requirements cps current approach tackling problem transforming requirements event calculus subsequently reasoning using asp solvers groundingfree scasp discuss research current state open issues still left tackle first results work presented paper accepted iclp24 first paper area,iclp,year_post_2024,0.9722427416967726,software engineering techniques practices,cyberphysical system computer science reliability engineering engineering operating system,1
deep inductive logic programming meets reinforcement learning,yushi cao,few_authors,-0.2344115989263833,integration inductive logic programming symbolism deep learning connectionism drawn researchers attention become novel research direction toward better reasoning ability however current integration still far perfect especially poor generalization learning efficiency current models thesis aim improve generalization current approaches together learning ability performance besides also aim conduct full evaluation regarding reasoning ability large language models inductive logic programming tasks first improve generalization current logicbased deep reinforcement learning drl algorithms propose novel framework called galois capable synthesizing whitebox programs hierarchy definitive causeeffect logic utilizes program sketch introduces new sketchbased programming language guide synthesis process utilizing framework galois implements sketchbased program synthesis approach automatically generates whitebox interpretable programs generalizable causeeffect logic comprehensive evaluation across various complex decisionmaking tasks demonstrates galois outperforms mainstream drl methods previous stateoftheart programguided baselines learning capability generalization interpretation ability reuse knowledge across different tasks observe current startoftheart neural inductive logic programming ilp models suffer requiring large number training iterations training examples training besides still far perfect terms performance generalization dealing tasks require complex tasksolving logic mitigate issue present novel framework named failure reflection guided regularizer frgr frgr initially identifies summarizes error patterns dynamically model repeatedly makes similar mistakes training subsequently penalties model making similar mistakes future training iterations approach encourages model avoid recurring mistakes similar error patterns thereby facilitating faster convergence optimal higherperforming solution experimental results multiple relational reasoning decisionmaking tasks demonstrate effectiveness frgr improving neural ilp models performance generalization learning efficiency finally spite improvement stateoftheart neural ilp solvers bring surge interest investigating reasoning ability llms whereas textual numerical reasoning benchmarks adopted previous works rather shallow simple hard conclude large language models llms possess strong reasoning ability merely achieving positive results benchmarks recent efforts demonstrated llms poor solving sequential decisionmaking problems require commonsense planning evaluating performance reinforcement learning benchmarks work conduct indepth assessment several stateoftheart llms reasoning ability based ilp benchmark broadly recognized representative challenging measurement evaluating logic program inductionsynthesis systems requires inducing strict causeeffect logic achieve robust deduction independent identically distributed iid outofdistribution ood test samples evaluations illustrate compared neural program induction systems much smaller model size stateoftheart llms much poorer terms reasoning ability achieving much lower performance generalization using either natural language prompting truthvalue matrix prompting,iclp,year_2022_2023,0.16402139163102464,logic reasoning knowledge,inductive logic programming computer science artificial intelligence inductive programming programming language programming paradigm,4
neurosymbolic approach fraud detection financial data public administration,noauthor,no_author,-1.3212290121305246,occupational fraud hard detect employees know systems inside fraudulent inclusions fraudulent exclusions chapter discusses recognize red flags fraud different types anomalies accounting analytic anomalies distinguished whether procedures considered data mining data analytics,iclp,year_post_2024,0.9722427416967726,big data business intelligence,analytics computer science business data science accounting computer security,5
value awareness process automation reflection school place allocation models,joaquín arias mar moreno-rebato jose a. rodriguez-garcía sascha ossowski,many_authors,0.852405814277758,noabstract,iclp,year_2022_2023,0.16402139163102464,logic reasoning knowledge,computer science reflection computer programming automation process computing value mathematics programming language machine learning engineering,1
advancing algorithmic approaches probabilistic argumentation constellation approach,andrei popescu johannes p. wallner,few_authors,-0.2344115989263833,reasoning defeasible conflicting knowledge argumentative form key research field computational argumentation reasoning various forms uncertainty key feature challenging barrier automated argumentative reasoning shown argumentative reasoning using probabilities faces general high computational complexity particular socalled constellation approach paper develop algorithmic approach overcome obstacle refine existing complexity results show two main reasoning tasks computing probability given set extension argument acceptable diverge complexity former pcomplete latter dotnpcomplete considering underlying counting problems present algorithm complex task computing probability set arguments complete extension using dynamic programming operating treedecompositions experimental evaluation shows promise approach,kr,year_post_2024,0.5681320666638986,software engineering techniques practices,argumentation theory constellation probabilistic logic probabilistic argumentation computer science theoretical computer science artificial intelligence epistemology,2
early validation highlevel requirements cyberphysical systems,ondřej vašíček,single_author,-0.7778203055284539,overarching broad topic research advancements area safetycritical cyberphysical systems cps development emphasis validation verification particular focus research early validation highlevel requirements cps current approach tackling problem transforming requirements event calculus subsequently reasoning using asp solvers groundingfree scasp discuss research current state open issues still left tackle first results work presented paper accepted iclp24 first paper area,iclp,year_post_2024,0.5681320666638986,software engineering techniques practices,cyberphysical system computer science reliability engineering engineering operating system,1
reasoning probability via continuous functions,tommaso flaminio sandro preto sara ugolini,few_authors,0.30899710767568733,functional representation algebraizable logic mean representation algebras formulas logic means possibly realvalued functions functional representations shown key tool study nonclassical logics since allow regard formulas functions means approach study typical proof theoretical properties logics means functional semantics realm algebraizable fuzzy logics possibly wellknown result respect mcnaughton theorem shows formulas infinitevalued lukasiewicz calculus correspond logical equivalence real valued continuous piecewise linear functions functional representation manyvalued logics recently shown paper second author impact outside purely logical realm particular applied study properties artificial neural networks contribution provide functional representation probability modal logic fpl builds lukasiewicz calculus adding unary operator p reads probable logic fpl algebraizable least usual sense due blok pigozzi still provide functional representation result modal formulas order adapt usual universal algebraic methods peculiar setting moreover make use techniques developed recent paper two authors class purely algebraic models fpl based de finettis coherence criterion introduced studied contribution present two ways providing functional representation algebras formulas modal logic fpl local one relies de finettis coherence argument global one instead relies probability distributions finite domain,kr,year_2022_2023,0.16402139163102464,advanced algebra logic,modal operator mathematics modal logic unary operation algebra field representation politics functional calculus representation theorem logical connective normal modal logic tnorm fuzzy logics classical logic equivalence formal languages computer science modal fuzzy logic theoretical computer science discrete mathematics multimodal logic artificial intelligence pure mathematics fuzzy set description logic fuzzy number,4
propositional abduction via onlyknowing nonmonotonic approach,sanderson molick vaishak belle,few_authors,-0.2344115989263833,paper introduces basic logic knowledge abduction extending levesque logic onlyknowing abduction modal operator defined via combination basic epistemic concepts upshot alternative approach abduction employs modal vocabulary explores relation abductive reasoning epistemic states knowing furthermore incorporating preferential relation modal frames provide nonmonotonic extension basic framework capable expressing different selection methods abductive explanations core metatheoretic properties nonmonotonic consequence relations explored within setting shown provide wellbehaved foundation abductive reasoning,iclp,year_post_2024,0.9722427416967726,logic reasoning knowledge,abductive reasoning accessibility relation modal nonmonotonic logic relation database modal logic normal modal logic extension predicate logic core optical fiber,3
visual graph question answering asp llms language parsing,jakob johannes bauer thomas eiter nelson higuera ruiz johannes oetsch,many_authors,0.852405814277758,visual question answering vqa challenging problem requires process multimodal input answerset programming asp shown great potential regard add interpretability explainability modular vqa architectures work address problem integrate asp modules vision natural language processing solve new demanding vqa variant concerned images graphs graphs symbolic form images containing graphbased structures ubiquitous popular form visualisation deal particular problem graphs inspired transit networks introduce novel dataset amends existing one adding images graphs resemble metro lines modular neurosymbolic approach combines optical graph recognition graph parsing pretrained optical character recognition neural network parsing labels large language models llms language processing asp reasoning method serves first baseline achieves overall average accuracy 73 dataset evaluation provides evidence potential modular neurosymbolic systems particular pretrained models involve training logic programming reasoning solve complex vqa tasks,iclp,year_post_2024,0.5681320666638986,multimodal machine learning applications,parsing question answering natural language processing computer science graph artificial intelligence linguistics theoretical computer science philosophy,5
manage budget atl,stéphane demri raine rönnholm,few_authors,-0.2344115989263833,study alternatingtime temporal logic atl enriched one resource written atl1 extending atl possibility manage budget propose gametheoretic semantics via introduction two evaluation games compositional semantics captured strategies games show modelchecking problem atl1 pspace identify several nontrivial fragments solved ptime byproducts investigations include also simplified pspace decision procedure resourcefree atl effective way synthesize constraints version atl1 parameters pspace bound solve energy game one counter whose objectives ltl formulae temporal depth one,kr,year_2022_2023,0.16402139163102464,logic programming type systems,pspace p temporal logic semantics computer science model checking computer science resource disambiguation resource allocation theoretical computer science programming language time complexity computational complexity theory algorithm,5
automating disease management using answer set programming,michael gelfond,no_author,-1.3212290121305246,far used asp knowledge bases get information truth falsity statements find objects satisfying simple properties types tasks normally performed database systems even though languages ability express recursive definitions methodology representing defaults various forms incomplete information gave us additional power allowed us construct rich elaborationtolerant knowledge bases types queries essentially remained databases,iclp,year_2016_2017,-2.6647533335990934,logic reasoning knowledge,set abstract data type answer set programming computer science programming language,5
natural language generation ontologies using grammatical framework,dan moldovan,single_author,-0.7778203055284539,folksonomies unsystematic unsophisticated collections keywords associated social bookmarking users web content despite inconsistency problems typographical errors spelling variations use space punctuation delimiters tag applied different context synonymy concepts etc popularity increasing among web 20 application developersin paper addition eliminating folksonomic irregularities existing lexical syntactic semantic understanding levels propose algorithm automatically builds semantic representation folksonomy exploiting tags social bookmarking associations cooccurring tags importantly content labeled documentswe derive semantics tag discover semantic links folksonomic tags expose underlying semantic structure folksonomy thus enabling number information discovery ontologybased reasoning applications,iclp,year_2018_2019,-1.8565319835333454,semantic web ontologies,computer science natural archaeology information retrieval ontology world wide web geography philosophy epistemology archaeology,3
explanations generation web service workflow,shifeng yan ying li shuiguang deng zhaohui wu,many_authors,0.852405814277758,quick development web service technologies opportunities challenges brought area workflow service based workflow integrates manages web services distributed internet grown one hottest topics workflow research areas high dynamic heterogeneous nature internet brings uncontrolled factors integrating invoking outside web services workflow failed execution service based workflow system occurs often traditional workflow system thus transaction management key ensure successful execution service based workflow based detailed analysis characteristics service based workflow proposed transaction management framework maintain integrity workflow transactions using framework workflow management system improve ability processing transaction issues managing service based workflow,iclp,year_2018_2019,-1.8565319835333454,serviceoriented architecture web services,workflow technology workflow management system workflow workflow engine computer science xpdl windows workflow foundation workflow management coalition database transaction database transaction processing world wide web service business software engineering business,2
incentive design rational agents,david hyland munyque mittelmann aniello murano giuseppe perelli michael wooldridge,many_authors,1.3958145208798287,introduce incentive design new class problems equilibrium verification multiagent systems model agents attempt maximize utility functions expressed formulae ltlf quantitative extension linear temporal logic functions computable polynomial time assume agents rational sense adopt strategies consistent game theoretic solution concepts nash equilibrium solution concept consider analyze problems verifying whether incentive scheme achieves societal objective finding one whether social welfare aggregate measure collective wellbeing study static dynamic incentive schemes showing latter powerful former finally solve incentive verification synthesis problems solution concepts consider analyze complexity,kr,year_post_2024,0.5681320666638986,auction theory applications,incentive computer science microeconomics economics,2
semantics hybrid probabilistic logic programs function symbols technical summary,fabrizio riguzzi,single_author,-0.7778203055284539,noabstract,iclp,year_2022_2023,-0.24008928340184937,logic programming type systems,programming language computer science semantics computer science function biology biology,4
nexsim system explaining nexus similarities,,single_author,-0.7778203055284539,noabstract,iclp,year_post_2024,0.9722427416967726,notopic,nokeywords,4
unified foundations team semantics via semirings,timon barlag miika hannula juha kontinen nina pardal jonni virtema,many_authors,1.3958145208798287,semiring semantics firstorder logic provides way trace facts represented model used deduce satisfaction formula team semantics framework studying logics dependence independence diverse contexts databases quantum mechanics statistics extending firstorder logic atoms describe dependencies variables combining two propose unifying approach analysing concepts dependence independence via novel semiring team semantics subsumes previously considered variants firstorder team semantics particular study preservation satisfaction dependencies formulae different semirings addition create links reasoning tasks provenance counting repairs,kr,year_2022_2023,0.16402139163102464,semantic web ontologies,semiring semantics computer science trace psycholinguistics independence probability theory computer science theoretical computer science programming language mathematics discrete mathematics linguistics,1
query evaluation method asp abduction,gerhard wetzel francesca toni,few_authors,-0.2344115989263833,noabstract,iclp,year_2022_2023,-0.24008928340184937,logic reasoning knowledge,constraint logic programming computer science logic programming constraint programming data integrity constraint computeraided design concurrent constraint logic programming programming language deductive database constraint satisfaction theoretical computer science artificial intelligence mathematical optimization database mathematics stochastic programming probabilistic logic,4
modelling cyber defenses using scasp,noauthor,no_author,-1.3212290121305246,noabstract,iclp,year_2022_2023,0.16402139163102464,information cyber security,bolster computer security incident response criminology engineering psychology computer science mechanical engineering,1
explaining reasoning results owl ontologies evee,christian alrabbaa stefan borgwardt tom friese anke hirsch nina knieriemen patrick koopmann alisa kovtunova antonio krüger alexej popovič ida siahaan,many_authors,4.112858053890181,one advantages formalizing domain knowledge owl ontologies one use reasoning systems infer implicit information automatically however always straightforward understand certain entailments inferred others popular ontology editor protg offers two explanation services deal issue justifications owl 2 dl ontologies proofs generated reasoner elk lightweight owl 2 el ontologies since justifications often insufficient explaining inferences thus little tool support comprehensive explanations expressive ontology languages tool support explain something derived paper present evee java library collection plugins protg offers advanced explanation services inferred missing entailments evee explains inferred entailments using proofs description logics alch missing entailments explained using counterexamples abduction evaluated effectiveness interface design plugins description logic experts ontology engineers students two user studies experiments able validate tool also gather feedback insights improve existing designs,kr,year_post_2024,0.5681320666638986,semantic web ontologies,computer science web ontology language ontology description logic owls artificial intelligence semantic web natural language processing epistemology semantic web stack,5
consistent query answering shacl constraints,shqiponja ahmetaj timo camillo merkl reinhard pichler,few_authors,0.30899710767568733,shapes constraint language shacl standardized world wide web constraint language describe validate rdf data graphs shacl uses notion shapes graph describe set shape constraints paired targets specify nodes rdf graph satisfy shapes important question practice handle data graphs validate shapes graph solution tolerate nonvalidation find ways obtain meaningful correct answers queries despite nonvalidation known consistent query answering cqa extensive literature cqa database kr setting study cqa context shacl fundamental fragment semantic web query language sparql goal work detailed complexity analysis cqa various semantics possible restrictions acceptable repairs turns considered variants problem intractable complexities ranging first third level polynomial hierarchy,kr,year_post_2024,0.5681320666638986,semantic web ontologies,computer science question answering information retrieval query optimization,1
data2concept2text explainable multilingual framework data analysis narration,flavio bertini alessandro dal palù federica zaglio francesco fabiano andrea formisano,many_authors,1.3958145208798287,paper presents complete explainable system interprets set data abstracts underlying features describes natural language choice system relies two crucial stages identifying emerging properties data transforming abstract concepts ii converting concepts natural language despite impressive natural language generation capabilities demonstrated large language models statistical nature intricacy internal mechanism still force us employ techniques black boxes forgoing trustworthiness developing explainable pipeline data interpretation would allow facilitating use safetycritical environments like processing medical information allowing nonexperts visually impaired people access narrated information end believe fields knowledge representation automated reasoning research could present valid alternative expanding prior research tackled first stage focus second stage named concept2text explainable data translation easily modeled logicbased rules emphasizing role declarative programming achieving ai explainability paper explores prologclpbased rewriting system interpret conceptsarticulated terms classes relations plus common knowledgederived generic ontology generating natural language text main features include hierarchical tree rewritings modular multilingual generation support equivalent variants across semantic grammar lexical levels transparent rulebased system outline architecture demonstrate flexibility examples capable generating numerous diverse equivalent rewritings based input concept,iclp,year_post_2024,0.5681320666638986,topic modeling,narrative computer science data science linguistics philosophy,4
argument analysis using answer set programming semanticsguided large language models,fabrizio riguzzi,single_author,-0.7778203055284539,noabstract,iclp,year_2022_2023,0.16402139163102464,logic reasoning knowledge,probabilistic logic computer science answer set programming set abstract data type programming language artificial intelligence,1
answer set solving generalized learned constraints,ivor uhliarik,single_author,-0.7778203055284539,noabstract,iclp,year_2016_2017,-2.6647533335990934,logic reasoning knowledge,computer science fuzzy logic set abstract data type product mathematics fuzzy set answer set programming artificial intelligence programming language mathematics,5
visualizing kripke models logikey case sdl,n. mansurov d. zhukov,few_authors,-0.2344115989263833,noabstract,iclp,year_post_2024,0.9722427416967726,advanced software engineering methodologies,executable computer science software engineering formal specification software bridge graph theory process computing formal methods programming language requirements analysis,3
scasp swiprolog,matthias gondan,single_author,-0.7778203055284539,noabstract,iclp,year_2020_2021,-0.6441999584347234,notopic,prolog programming language computer science,1
preliminary evaluation opensource llms datalogbased semantic parsing asvin project,amad atiq george ubakanma muddesar iqbal,few_authors,0.30899710767568733,accurate extraction categorization detailed resume information critical talent acquisition workforce analytics yet diverse formats terminologies resumes create significant challenges automated processing study addresses problem effective resume parsing investigating potential large language models llms embedding techniques evaluate various stateoftheart opensource llms determine performance extracting categorizing essential sections resumes education work experience technical skills personal statements research aims identify optimal combination llms embedding techniques achieve high accuracy efficiency extraction process additionally study explores strengths weaknesses models handling complex nonstandard industryspecific terminologies ultimately goal develop systematic framework automate processing resume information structured database enhancing talent management recruitment strategies findings reveal llama38b8192 llm outperforms models regarding correctness relevance resume parsing contributing advancements natural language processing within human resource management research paves way effective efficient strategies recruitment skills analysis workforce planning,iclp,year_post_2024,0.9722427416967726,natural language processing techniques,parsing computer science open source embedding natural language processing artificial intelligence programming language,1
fixpoint semantics datalogmtl negation,samuele pollaci,single_author,-0.7778203055284539,datalogmtl negation extension datalog metric temporal operators enriched unstratifiable negation paper define stable wellfounded kripkekleene supported model semantics datalogmtl negation simple straightforward way using solid mathematical formalism approximation fixpoint theory aft moreover prove stable model semantics obtained via aft coincides one defined previous work employment pairs interpretations stemming logic hereandthere,iclp,year_post_2024,0.9722427416967726,logic reasoning knowledge,negation negation failure formalism music datalog fixed point extension predicate logic semantics computer science algebra field wellfounded semantics,2
program actual cause,judea pearl,no_author,-1.3212290121305246,remainsthat find cause effector rather say cause defectfor effect defective comes causeshakespeare hamlet iiii 1004,iclp,year_2020_2021,-0.6441999584347234,shakespeare adaptation literary criticism,computer science,4
resource allocation cooperative agents,zhu han k. j. ray liu,no_author,-1.3212290121305246,recently cooperative communications gained attention emerging transmit strategy future wireless networks cooperative communications efficiently take advantage broadcasting nature wireless networks basic idea users nodes wireless network share information transmit cooperatively virtual antenna array thus providing diversity significantly improve system performance cooperative transmission relays assigned help sender forwarding information receiver thus receiver gets several copies information via independent channels,iclp,year_post_2024,0.9722427416967726,cooperative communication network coding,computer network computer science cooperative diversity broadcasting networking wireless wireless network communication source transmission telecommunications resource allocation telecommunications,2
causal perspective ai deception games,timothy r.levine,no_author,-1.3212290121305246,noabstract,iclp,year_2022_2023,-0.24008928340184937,digital games media,psychology computer science,4
queries exact truth values paraconsistent description logics,meghyn bienvenu camille bourgaux daniil kozhemiachenko,few_authors,0.30899710767568733,present novel approach querying classically inconsistent description logic dl knowledge bases adopting paraconsistent semantics four belnapian values exactly true exactly false f b neither n contrast prior studies paraconsistent dls allow truth value operators query language concept role atoms used differentiate answers obtained contradictory evidence based upon positive evidence present reduction classical dl query answering allows us pinpoint precise combined data complexity answering queries values paraconsistent alchi two fourvalued roles sublogics notably show tractable data complexity retained horn dls also present comparison repairbased inconsistencytolerant semantics showing two approaches incomparable consider queries exactly true operator neither overapproximate cautious repairbased semantics underapproximate least cautious ones,kr,year_post_2024,0.5681320666638986,semantic web ontologies,paraconsistent logic truth value description logic semantics computer science reduction mathematics conjunctive query value mathematics contrast vision,3
proceedings 40th international conference logic programming iclp 2024 university texas dallas dallas texas usa october 1417 2024,naif alatrush sultan alsarra afraa alshammari luay abdeljaber niamat zawad latifur khan patrick t. brandt javier osorio vito j. d’orazio,many_authors,8.460127706706746,active learning al reduces annotation costs selecting informative samples labelinghowever traditional al methods rely single heuristic limiting data exploration annotation efficiencythis paper introduces two ensemblebased al methods ensemble union combines multiple heuristics improve dataset exploration ensemble intersection applies majority voting robust sample selectionwe evaluate approaches united nations parallel corpus english spanish using domainspecific models conflibertour results show ensemblebased al strategies outperform individual heuristics achieving classification performance comparable full dataset training using significantly fewer labeled examplesalthough focused political texts proposed methods applicable broader nlp annotation tasks labeling costs high,iclp,year_post_2024,0.9722427416967726,intelligent tutoring systems adaptive learning,annotation heuristics voting ensemble learning active learning machine learning limiting sample material,1
shacl validation wellfounded semantics,cem okulmus mantas šimkus,few_authors,-0.2344115989263833,w3c recently introduced shacl new standard writing integrity constraints graphstructured data specifically rdf graphs unfortunately standard defines semantics nonrecursive constraints leaving case recursive constraints open spurred recent research efforts finding suitable mathematically crisp semantics constraints cyclic dependencies paper argue recursive shacl naturally equipped semantics inspired wellfounded semantics recursive logic programs default negation semantics intuitive also computationally tractable unlike previous proposals semantics tolerant constraint violations outside realm socalled validation targets feature highly relevant practice addition defining wellfounded semantics using notion unfounded sets draw connection classic definition wellfounded semantics logic programming provide simple yet inefficient translation recursive shacl wellfounded semantics propositional logic programs wellfounded semantics translation also provides basis highly optimized shacl validation engine also present paper system performs graph validation producing optimized logic program evaluated using dlv deductive database engine system payasyougo behavior validation nonrecursive constraints system avoids using deductive database instead uses sparql queries rdf triplestore,kr,year_post_2024,0.5681320666638986,semantic web ontologies,computer science semantics computer science programming language natural language processing,2
logical judges challenge human judges strange case bcvaljean,viviana mascardi domenico pellegrini,few_authors,-0.2344115989263833,may 12th 2020 course entitled artificial intelligence jurisdiction practice organized italian school magistracy 70 magistrates followed demonstration prolog logical judge reasoning armed robbery case although implemented logical judge exercise knowledge representation simple deductive reasoning practical demonstration automated reasoning tool large audience potential endusers represents first unique attempt italy best knowledge international panorama paper present case addressed logical judge real case already addressed human judge 2015 feedback demonstration collected attendees,iclp,year_2020_2021,-1.0483106334675973,artificial intelligence law,logical reasoning jurisdiction prolog simple philosophy representation politics computer science logical conjunction artificial intelligence psychology law programming language epistemology political science,1
pyglaf argumentation reasoner,mario alviano,single_author,-0.7778203055284539,fundamental mechanism humans use argumentation formalized abstract argumentation frameworks many semantics associated abstract argumentation frameworks one consisting set extensions set sets arguments semantics based preference relations essentially impose maximize minimize property paper presents argumentation reasoner pyglaf provides uniform view many semantics abstract argumentation frameworks terms circumscription specifically several computational problems abstract argumentation frameworks reduced circumscription means linear encodings others solved means sequence calls oracle circumscription finally grounded extensions obtained polynomial time unit propagation acceptance problems addressed first checking cardinality optimal models circumscribed theories naive extension enumeration possibly avoided,iclp,year_2016_2017,-2.2606426585662196,multiagent systems negotiation,circumscription argumentation theory oracle semantic reasoner computer science nonmonotonic logic semantics computer science stable model semantics probabilistic argumentation answer set programming theoretical computer science set abstract data type artificial intelligence mathematics programming language probabilistic logic epistemology operational semantics,1
decomposition strategies solving scheduling problems industrial applications,mohammed m. s. el-kholany,single_author,-0.7778203055284539,article presents overview research study crucial optimization problem computer scienceoperations research field jobshop scheduling problem jsp jsp challenging task set operations must processed using set scarce machines optimize particular objective main purpose jsp determine execution order processes assigned machine optimize objective main interest study investigate developing decomposition strategies using logic programming solve jsp split goal two main phases first phase apply decomposition approach evaluate proposed model solving set known benchmark instances second phase apply successful decomposition methods obtained first phase solve scheduling problem reallife application current state finished first phase started second one aiming model provide schedule factory shorttime period,iclp,year_2022_2023,-0.24008928340184937,scheduling optimization algorithms,computer science decomposition job shop scheduling scheduling production processes industrial engineering benchmark surveying mathematical optimization schedule set abstract data type flow shop scheduling job shop operations research engineering mathematics programming language,3
explanations answer set programming,michael gelfond,no_author,-1.3212290121305246,far used asp knowledge bases get information truth falsity statements find objects satisfying simple properties types tasks normally performed database systems even though languages ability express recursive definitions methodology representing defaults various forms incomplete information gave us additional power allowed us construct rich elaborationtolerant knowledge bases types queries essentially remained databases,iclp,year_2022_2023,0.16402139163102464,logic reasoning knowledge,set abstract data type answer set programming computer science programming language,5
neurosymbolic framework bias correction convolutional neural networks,parth padalkar natalia ślusarz ekaterina komendantskaya gopal gupta,many_authors,0.852405814277758,abstract recent efforts interpreting convolutional neural networks cnns focus translating activation cnn filters stratified answer set program asp rulesets cnn filters known capture highlevel image concepts thus predicates ruleset mapped concept corresponding filter represents hence ruleset exemplifies decisionmaking process cnn wrt concepts learns image classification task rulesets help understand biases cnns although correcting biases remains challenge introduce neurosymbolic framework called nesybicor bias correction trained cnn given symbolic concepts asp constraints cnn biased toward convert concepts corresponding vector representations cnn retrained using novel semantic similarity loss pushes filters away toward learning desiredundesired concepts final asp ruleset obtained retraining satisfies constraints high degree thus showing revision knowledge cnn demonstrate nesybicor framework successfully corrects biases cnns trained subsets classes places dataset sacrificing minimal accuracy improving interpretability,iclp,year_post_2024,0.5681320666638986,neural networks applications,computer science convolutional neural network artificial intelligence,3
dmapf decentralized distributed solver multiagent path finding problem obstacles,poom pianpak tran cao son,few_authors,-0.2344115989263833,multiagent path finding mapf problem finding sequence movements agents reach assigned location without collision centralized algorithms usually give optimal solutions difficulties scale without employing various techniques usually sacrifice optimality solving mapf problems number agents greater thousand remains challenge nevertheless tackle scalability issue present dmapf decentralized distributed mapf solver continuation recently published work rosdmapf address issues rosdmapf works maps without obstacles ii low success rate dense maps given mapf problem rosdmapf dmapf divide map spatially subproblems latter divides subproblem disconnected regions called areas subproblem assigned distributed solver individually creates abstract plan sequence areas agent needs visit agent interleaves agent migration movement planning answer set programming known performance small complex problems used many parts including problem division abstract planning border assignment migration movement planning robot operating system used facilitate communication solvers enable opportunity integrate robotic systems dmapf introduces new interaction protocol solvers mechanisms together result higher success rate better solution quality without sacrificing much performance implement experimentally validate dmapf comparing stateoftheart mapf solvers results show system achieves better scalability,iclp,year_2020_2021,-0.6441999584347234,logic reasoning knowledge,solver scalability computer science sequence biology distributed computing path computing problem solver mathematical optimization benchmark surveying motion planning scale ratio set abstract data type plan archaeology robot artificial intelligence mathematics computer network,1
prolog program bottomup evaluation,david s. warren,single_author,-0.7778203055284539,short paper describes simple intuitive prolog program metainterpreter computes bottom meaning simple positive horn clause definition involves simple transformation object program rules metarules used metainterpreter compute bottom model original program resulting algorithm form seminaive bottomup evaluation discuss various reasons prolog program particularly interesting particular perhaps prolog program find use prologs assert1 intrinsic easily understood best perspicuous way program algorithm short paper might best characterized prolog programming pearl,iclp,year_post_2024,0.5681320666638986,software system performance reliability,prolog programming language computer science software engineering,5
computing diverse optimal stable models,noauthor,no_author,-1.3212290121305246,analogy davisputnam procedure develop new procedure computing stable models propositional normal disjunctive logic programs using case analysis simplification procedure enumerates stable models without repetition without need minimality check since necessary store set stable models explicitly procedure runs polynomial space allow clauses empty heads order represent truth falsity proposition oneliteral clause particular clause form expresses constrained true without providing justification adding clause program restricts stable models containing without introducing new stable models together provides basis case analysis present procedure set rules transform program set solved forms resembles standard method presenting unification algorithms rules sound sense preserve set stable models subset rules shown complete sense stable model solved form obtained method allows concise presentation flexible choice control strategy simple correctness proofs,iclp,year_2016_2017,-2.6647533335990934,logic reasoning knowledge,transformation genetics computer science chemistry,1
vision execution enabling knowledge representation reasoning hybrid intelligent robots playing mobile games,denise angilica mario avolio giovanni beraldi giovambattista ianni francesco pacenza,many_authors,1.3958145208798287,automating acts touch surfaces opens range possibilities researching experimenting hybrid ai approaches paper propose delta robot capable playing match3 games ballsorting puzzles acting mobile phones robot recognizes objects different colors shapes vision module capable making strategic decisions based declarative models games rules game playing strategy features effector executes moves physical devices solution integrates multiple ai methods including vision processing answer set programming helpful reusable infrastructure provided vision task facilitated robot motion control inherently simplified usage delta robot layout illustrate components robotic application integrated briefly showcase recognition general knowledge modeled implemented overviewing implementation representative games argue application provides potential kr robotics combined creative ways offers general controlled environment experiment forms hybrid reasoning relieving implementation details,kr,year_2022_2023,0.16402139163102464,logic reasoning knowledge,computer science robot artificial intelligence humancomputer interaction mobile robot robotics set abstract data type answer set programming programming language,2
machine learning model integration open world temporal logic process automation,dyuman aditya colton payne mario leiva paulo shakarian,many_authors,0.852405814277758,recent advances machine learning ml produced models extract structured information complex data however significant challenge lies translating perceptual extractive outputs actionable explainable decisions within complex operational workflows address challenges paper introduces novel approach integrates outputs various machine learning models directly pyreason framework openworld temporal logic programming reasoning engine pyreasons foundation generalized annotated logic allows incorporation realvalued outputs eg probabilities confidence scores diverse set ml models treating truth intervals within logical framework crucially pyreason provides mechanisms implemented python continuously poll ml model outputs convert logical facts dynamically recompute minimal model enable decisionmaking realtime furthermore native support temporal reasoning knowledge graph integration fully explainable interface traces enables analysis timesensitive process data existing organizational knowledge combining strengths perception extraction ml models logical deduction transparency pyreason aim create powerful system automating complex processes integration well suited use cases numerous domains including manufacturing healthcare business operations,iclp,year_post_2024,0.9722427416967726,business process modeling analysis,automation transparency behavior process computing automated reasoning temporal logic inductive logic programming set abstract data type interval temporal logic graph,2
first order logic commonsense reasoning path less travelled,noauthor,no_author,-1.3212290121305246,noabstract,iclp,year_2022_2023,-0.24008928340184937,musculoskeletal pain rehabilitation,path computing geodesy geography computer science computer network,2
representing evaluating sbvr specification via asp,murali mohanan imran sarwar bajwa,few_authors,-0.2344115989263833,users software requirements represented natural language speech english translating requirements objectoriented models tough process designers article proposes neoteric approach generate unified modeling language uml class models instantly software requirement specifications srs authors make use open natural language processing tool opennlp lexical analysis generate necessary parts speech pos tags requirement specifications semantics business vocabulary rules sbvr standard used extract objectoriented elements natural language nl processed srs authors generate uml class models prototype tool generate accurate models less time automated system designing objectoriented models srs reduces cost budget designers users,iclp,year_post_2024,0.9722427416967726,modeldriven software engineering techniques,computer science semantics business vocabulary business rules unified modeling language class diagram class philosophy programming language semantics computer science natural language object constraint language software engineering vocabulary object grammar process computing objectoriented programming artificial intelligence software natural language processing applications uml business rule business process work process engineering linguistics,4
planning compilation reason goal achievement planning time,alberto pozanco marianela morales daniel borrajo manuela veloso,many_authors,0.852405814277758,identifying specific actions achieve goals solving planning task might beneficial various planning applications traditionally identification occurs postsearch actions may temporarily achieve goals later undone reachieved actions paper propose compilation extends original planning task commit actions enforce persistence specific goals achieved allowing planners identify permanent goal achievement planning experimental results indicate solving reformulated tasks incur additional overhead performing optimal suboptimal planning providing useful information downstream tasks,kr,year_post_2024,0.9722427416967726,aibased problem solving planning,commit task project management identification biology action physics overhead engineering plan archaeology,1
costoptimal deletefree classical planning via maximum satisfiability,masood feyzbakhsh rankooh andreas niskanen matti järvisalo,few_authors,0.30899710767568733,propose maximum satisfiability maxsat based approach costoptimal deletefree planning also known optimal relaxed planning relaxed planning central subclass classical planning consisting computing h heuristic classical planning alternative existing approaches exactly computing h propose maximum satisfiability maxsat based approach motivated success satbased planners significant recent advances maxsat solvers concretely adapt recent answer set optimization approach computing h maxsat propose maxsat encoding variants representing costoptimal plans plan acyclicity combine runtime improvements overall maxsat approach compares favourably current stateoftheart answer set optimization approach,kr,year_post_2024,0.9722427416967726,aibased problem solving planning,maximum satisfiability problem satisfiability set abstract data type heuristic boolean satisfiability problem plan archaeology optimization problem,1
verification general games imperfect information using strategy logic,yifan he munyque mittelmann aniello murano abdallah saffidine michael thielscher,many_authors,1.3958145208798287,game description language imperfect information gdlii lightweight formalism representing rules arbitrary games including players private information purpose build general gameplaying systems automated players understand rules games learn play without human intervention epistemic strategy logic slk hand rich logical framework reasoning multiagent systems strategic behavior agents partial observability enable general gameplaying system take advantage rich formalism automatic verification properties games present formal translation gdlii slk models prove correctness translation show crucial properties general games including playability existence nash equilibria expressed formulas slk finally demonstrate application existing modelchecking system slk verify properties gdlii games,kr,year_post_2024,0.5681320666638986,sports analytics performance,computer science imperfect perfect information mathematics mathematical economics,2
conflict handling product configuration using answer set programming,seemran mishra,single_author,-0.7778203055284539,preliminary work configuration knowledge representation serves foundation building interactive configuration systems answer set programming asp major concepts product configuration problem identified discussed bike configuration example fact format developed expressing product knowledge domainspecific mapped systems finally domainindependent asp encoding provided represents concepts configuration problem,iclp,year_2022_2023,-0.24008928340184937,logic reasoning knowledge,answer set programming computer science set abstract data type domain mathematical analysis product mathematics representation politics knowledge representation reasoning theoretical computer science programming language artificial intelligence mathematics,4
llmreasoningplanning supporting incomplete user queries presence apis,sudhir agarwal anu sreepathy david h. alonso prarit lamba,many_authors,0.852405814277758,recent availability large language models llms led development numerous llmbased approaches aimed providing natural language interfaces various enduser tasks enduser tasks turn typically accomplished orchestrating given set apis practice natural language task requests user queries often incomplete ie may contain information required apis llms excel natural language processing nlp tasks frequently hallucinate missing information struggle orchestrating apis key idea behind proposed approach leverage logical reasoning classical ai planning along llm accurately answering user queries including identification gathering missing information queries approach uses llm asp answer set programming solver translate user query representation planning domain definition language pddl via intermediate representation asp introduce special api getinfoapi gathering missing information model apis pddl actions way supports dataflow apis approach uses classical ai planner generate orchestration api calls including calls getinfoapi answer user query evaluation results show approach significantly outperforms pure llm based approach achieving 95 success rate cases dataset containing complete incomplete single goal multigoal queries multigoal queries may may require dataflow among apis,iclp,year_post_2024,0.5681320666638986,serviceoriented architecture web services,computer science humancomputer interaction information retrieval,2
neurosymbolic agent asp robust exception learning textbased games,vinod mishra julian briseno mani srivastava,few_authors,0.30899710767568733,robotic agents developed perform number tasks human command sometimes independently well humanagent teams extend capabilities humans robots multiagent reinforcement learning marl natural approach teams interaction within team composed human robot agents considered far ignores role physical context marl present distributed online marl scenario incorporating wireless communication physical movement supplemented intrateam communication present system mathematical analysis initial experimental results herein,iclp,year_post_2024,0.5681320666638986,human pose action recognition,computer science context archaeology humancomputer interaction artificial intelligence communication cognitive science psychology geography,4
causes changing profiles preliminary report,clarence a. hall walter o. snelling j.a. holmes,no_author,-1.3212290121305246,general supervision work oh coalmine inspectors,kr,year_2022_2023,0.16402139163102464,occupational health safety research,forensic engineering coal coal mining mining engineering environmental science engineering waste management,3
prolog coding guidelines status tool support,falco nogatz philipp körner sebastian krings,few_authors,0.30899710767568733,importance coding guidelines generally accepted throughout developers every programming language naturally prolog makes exception however establishing coding guidelines fraught obstacles finding common ground kind selection rules matter debate found adhering enforcing rules complicated well least prologs flexible syntax without keywords paper evaluate status coding guidelines prolog community discuss extent automatically verified implemented linter prolog applied several packages get hold current state community,iclp,year_2018_2019,-1.4524213085004714,software engineering research,prolog computer science programming language coding social sciences syntax logic programming artificial intelligence mathematics,5
llm asp workflow joint entityrelation extraction,trang tran trung hoang le huiping cao tran cao son,many_authors,0.852405814277758,joint entityrelation extraction jere identifies entities relationships simultaneously traditional machinelearning based approaches performing task require large corpus annotated data lack ability easily incorporate domain specific information construction model therefore creating model jere often labor intensive time consuming elaboration intolerant paper propose harnessing capabilities generative pretrained large language models llms knowledge representation reasoning capabilities answer set programming asp perform jere present generic workflow jere using llms asp workflow generic sense applied jere domain takes advantage llms capability natural language understanding works directly unannotated text exploits elaboration tolerant feature asp modification core program required additional domain specific knowledge form type specifications found needs used demonstrate usefulness proposed workflow experiments limited training data three wellknown benchmarks jere results experiments show llm asp workflow better stateoftheart jere systems several categories 10 training data able achieve 25 times 35 15 improvement relation extraction task scierc corpus one difficult benchmarks,iclp,year_post_2024,0.9722427416967726,serviceoriented architecture web services,workflow task project management domain mathematical analysis joint building representation politics elaboration exploit relation database,4
comprehensive multiagent epistemic planning,francesco fabiano,single_author,-0.7778203055284539,last years concept artificial intelligence become central different tasks concerning daily life several working scenarios among tasks automated planning always central ai research community particular manuscript focused specialized kind planning known multiagent epistemic planning mep epistemic planning ep refers automated planning setting agent reasons space knowledgebeliefs states tries find plan reach desirable state starting one general form mep problem involves multiple agents need reason state world information flows agents tackle mep problem several tools developed diversity approaches led deeper understanding problem space proposed tool lacks abilities allow comprehensive investigation information flows objective work formalize environment complete characterization agents knowledgebeliefs interaction update possible particular aim achieve goal defining new actionbased language multiagent epistemic planning implement epistemic planner based solver provide tool flexible enough reason different domains eg economy security justice politics considering others knowledgebeliefs could lead winning strategies,iclp,year_2020_2021,-0.6441999584347234,logic reasoning knowledge,planner plan archaeology automated planning scheduling problem solver state computer science space punctuation,3
front matter table contents preface conference organization,noauthor,no_author,-1.3212290121305246,noabstract,iclp,year_2016_2017,-2.2606426585662196,diverse scientific economic studies,table contents table database front military information retrieval computer science geography world wide web database meteorology,1
constraint cnf sat csp language one roof,justyna petke,single_author,-0.7778203055284539,noabstract,iclp,year_2016_2017,-2.6647533335990934,constraint satisfaction optimization,constraint computeraided design solver computer science constraint satisfaction problem problem solver constraint programming programming language mathematical optimization theoretical computer science mathematics artificial intelligence computational science,3
scalable approach probabilistic compliance declarative process mining,christian sturm stefan schönig stefan jablonski,few_authors,0.30899710767568733,noabstract,iclp,year_post_2024,0.9722427416967726,business process modeling analysis,computer science perspective graphical process computing process mining data science programming language software engineering artificial intelligence work process business process modeling business process engineering,3
reasoning shiq axiom conceptlevel standpoint modalities,lucía gómez álvarez sebastian rudolph,few_authors,-0.2344115989263833,standpoint logic recently proposed modal logic framework wellsuited multiperspective reasoning ontology integration reason combinations standpoint logic description logics dls special interest prior work shown possible add standpoints numerous decidable fragments firstorder logics including expressive dls sroiqbs preserving reasoning complexity long standpoint modalities limited axiom level expressive tighter modal integration standpoint modalities also allowed occur concept expressions far investigated much less expressive dl el paper push line research showing dl shiq allows tight modal integration standpoints without compromising exptime reasoning complexity core insight toward result satisfiable knowledge base admits model polynomially many worlds argument requires rather elaborate modeltheoretic construction allows us establish polynomial equisatisfiable translation plain shiq beyond showing theoretical result enables us use highly optimised owl reasoners provide practical reasoning support ontology languages extended standpoint modelling complement findings observation techniques would fail upon adding modelling feature nominals underlying dl,kr,year_post_2024,0.5681320666638986,semantic web ontologies,description logic axiom modal logic computer science decidability theoretical computer science ontology modalities automated reasoning modal possible world accessibility relation multimodal logic artificial intelligence mathematics epistemology,2
bringing logic programming primary school teacher training course,tom donohoe,single_author,-0.7778203055284539,noabstract,iclp,year_post_2024,0.5681320666638986,motivation selfconcept sports,download library science visual arts media studies art sociology computer science world wide web,4
strong equivalences lpmln programs,bin wang jun shen shutao zhang zhizheng zhang,many_authors,0.852405814277758,lpmln powerful knowledge representation reasoning tool combines nonmonotonic reasoning ability answer set programming asp probabilistic reasoning ability markov logic networks mln paper study strong equivalence lpmln programs important tool program rewriting theoretical investigations field logic programming first present notion pstrong equivalence lpmln present modeltheoretical characterization notion investigate relationships among pstrong equivalence existing notions strong equivalences lpmln investigate several properties pstrong equivalence following four aspects firstly investigate two relaxed notions pstrong equivalence according practical scenarios program rewriting present corresponding characterizations notions secondly analyze computational complexities deciding strong equivalences lpmln programs thirdly investigate relationships among strong equivalences lpmln two extensions asp asp weak constraints ordered disjunctions finally investigate lpmln program simplification via pstrong equivalence present syntactic conditions decide pstrong equivalence single lpmln rule empty program contributions paper follows firstly results presented paper provide better understanding lpmln programming helps us explore properties lpmln secondly relationships among strong equivalences open way study strong equivalences logic formalisms translating lpmln thirdly program simplification used enhance implementations lpmln solvers,iclp,year_2018_2019,-1.4524213085004714,logic reasoning knowledge,answer set programming equivalence formal languages rewriting logical equivalence logic programming computer science probabilistic logic theoretical computer science mathematics programming language algebra field discrete mathematics pure mathematics artificial intelligence,1
pruning belief traps multiagent epistemic planning,biqing fang fangzhen lin,few_authors,-0.2344115989263833,multiagent epistemic planning mep addresses planning problems involving multiple agents epistemic reasoning often requiring consideration nested beliefs paper extend notion traps classical planning mep call belief traps epistemic formulas entailed epistemic state remain entailed successor states identifying belief traps sometimes improve mep solving significantly consider two methods identifying using belief traps improve planning efficiency first method adapts classical preprocessing algorithm integration mep planner simpleform construction traps novel use beneficial traps guide search second method systematically generalizes belief lock strategy formalizing underlying preservation condition experiments show new pruning techniques accelerate problemsolving domains irreversible beliefs,kr,year_post_2024,0.9722427416967726,aibased problem solving planning,pruning successor cardinal preprocessor belief revision uncertainty quantification,4
deontic paradoxes asp weak constraints,christian hatschka agata ciabattoni thomas eiter,few_authors,0.30899710767568733,rise powerful ai technology range applications sensitive legal social ethical norms demands decisionmaking support presence norms regulations normative reasoning realm deontic logics challenged wellknown benchmark problems deontic paradoxes lack efficient computational tools paper use answer set programming asp addressing shortcomings showcase encode resolve several wellknown deontic paradoxes utilizing weak constraints abstracting generalizing encoding present methodology translating normative systems asp weak constraints methodology applied ethical versions pacman obtain comparable performance related works ethically preferable results,iclp,year_2022_2023,0.16402139163102464,logic reasoning knowledge,deontic logic normative realm answer set programming computer science benchmark surveying set abstract data type encode epistemology artificial intelligence programming language philosophy political science law,3
joint proceedings joint workshop knowledge diversity cognitive aspects kr workshop symbolic neurosymbolic architectures intelligent robotics technology kodiscakrsynergy 2024 colocated 21st international conference principles knowledge representation reasoning kr 2024 hanoi vietnam november 28 2024,yi zeng spyros kotoulas zhisheng huang,few_authors,0.30899710767568733,continuous effort organizing discussions providing possible theories techniques deal barriers knowledge processing web scale 2013 international workshop webscale knowledge representation retrieval reasoning webkr 2013 held conjunction 2013 acm international conference information knowledge management cikm 2013 november 1st 2013 burlingame ca united states 4th version webkr workshop previous workshops title accepted papers workshop cover many important topics field year contributions focus multifaceted understanding web knowledge sources web entity linking deep web knowledge acquisition webscale stream reasoning many new approaches proposed deal problems context large scale web resources summary introduces major contributions accepted papers webkr 2013 workshop,kr,year_post_2024,0.5681320666638986,semantic web ontologies,computer science world wide web web standards web modeling web development context archaeology web intelligence data web web service web engineering,1
guarded fragments meet dynamic logic story regular guards,bartosz bednarczyk emanuel kieroński,few_authors,-0.2344115989263833,study guarded fragment regular guards rgf combines expressive power guarded fragment gf propositional dynamic logic intersection converse icpdl logic generalizes uniform way many previouslystudied extensions gf including conjunctions transitive equivalence guards transitive equivalence closure prove 2exptimecompleteness satisfiability problem rgf showing rgf harder icpdl gf shifting query entailment problem provide undecidability results significantly strengthen solidify earlier results along lines conclude identifying maximal natural sense expspacecomplete fragment rgf,kr,year_post_2024,0.9722427416967726,logic reasoning knowledge,transitive closure satisfiability fragment logic converse expressive power transitive relation propositional calculus equivalence formal languages intersection aeronautics gas meter prover,3
correct causal inference probabilistic logic programming,noauthor,no_author,-1.3212290121305246,noabstract,iclp,year_2022_2023,-0.24008928340184937,logic reasoning knowledge,probabilistic logic programming language computer science law theoretical computer science mathematics mathematical economics artificial intelligence political science,5
enhancements prolog playground ald notebooks modern prolog classroom,noauthor,no_author,-1.3212290121305246,noabstract,iclp,year_post_2024,0.9722427416967726,classical philosophy thought,prolog programming language computer science,3
costbased semantics querying inconsistent weighted knowledge bases,meghyn bienvenu camille bourgaux robin jean,few_authors,0.30899710767568733,paper explore quantitative approach querying inconsistent description logic knowledge bases consider weighted knowledge bases axioms assertions possibly infinite weights used assign cost interpretation based upon axioms assertions violates two notions certain possible answer defined either considering interpretations whose cost exceed given bound restricting attention optimalcost interpretations main contribution comprehensive analysis combined data complexity bounded cost satisfiability certain possible answer recognition description logics elbot alco,kr,year_post_2024,0.5681320666638986,logic reasoning knowledge,axiom computer science semantics computer science bounded function interpretation philosophy satisfiability theoretical computer science abstract interpretation mathematics programming language,1
hitchhikeraposs guide reinventing prolog machine,jesús castillo,single_author,-0.7778203055284539,category theory offer banach spacers second part surveylike paper focus much needed advanced categorical homological elements kan extensions derived category derived functor abelian hearts banach spaces,iclp,year_2016_2017,-2.2606426585662196,advanced banach space theory,categorical variable functor mathematics pure mathematics focus optics abelian category banach space abelian group physics statistics,4
agentified argumentative learning short paper,noauthor,no_author,-1.3212290121305246,noabstract,iclp,year_post_2024,0.9722427416967726,language discourse communication strategies,argumentative style visual arts psychology peer review computer science linguistics art political science philosophy literature law,1
leveraging decisiondnnf compilation enumerating disjoint partial models,jean-marie lagniez emmanuel lonca,few_authors,-0.2344115989263833,allsolution satisfiability problem allsat extends sat requiring identification possible solutions propositional formula practice enumerating complete models often infeasible making identification partial models essential generating concise representation solution set deterministic decomposable negation normal form ddnnf serves language representation known offer polynomialtime algorithms model enumeration specifically propositional formula encoded ddnnf enables iterative model enumeration polynomial delay models however despite existence theoretical algorithms purpose available implementations currently accessible furthermore theoretical approaches nearly impractical solely yield complete models introduce novel algorithm maintains polynomial delay partial models significantly enhancing efficiency compared baseline approaches furthermore experimental validation demonstrate superiority compiling cnf formula ddnnf formula subsequently enumerating models existing stateoftheart methodologies cnf partial model enumeration,kr,year_post_2024,0.5681320666638986,data quality management,disjoint sets computer science theoretical computer science artificial intelligence combinatorics mathematics,1
proceedings 35th international conference logic programming technical communications iclp 2019 technical communications las cruces nm usa september 2025 2019,serdar kadioglu,single_author,-0.7778203055284539,noabstract,iclp,year_2018_2019,-1.4524213085004714,logic reasoning knowledge,computer science logic programming programming language software engineering telecommunications,1
tackling air traffic flow capacity management problem explainable answer set programming,gładyś sylwester malarski marek jasiński sławomir skorupski jacek,many_authors,0.852405814277758,civil aviation air traffic undergoes many random disturbances air traffic controllers watch real traffic ensure free collision hazards whole airspace atc sector control atfm service takes care flow capacity sector called capacity air traffic sector exceeded paper original method model estimation capacity designed atc sectors described method experimentally established statistical relationship random variables control load air traffic density used capacity sector found joint probability distribution twodimensional random variable model determined quanti le adequate order method verified practice determining capacity designed new atc sectors fir warsaw,iclp,year_post_2024,0.9722427416967726,air traffic management optimization,air traffic control civil aviation engineering traffic flow computer networking air traffic management transport engineering aviation estimation computer science computer security,5
sticky path expressive querying decidability navigational queries existential rules,piotr ostropolski-nalewaja sebastian rudolph,few_authors,-0.2344115989263833,extensive research field ontologybased query answering led identification numerous fragments existential rules also known tuplegenerating dependencies exhibit decidable answering atomic conjunctive queries motivated increased theoretical practical interest navigational queries paper considers question fragments decidability querying extends regular path queries rpqs fact decidability rpqs recently shown generally hold comprehensive family fragments come guarantee universal models reasonably wellshaped finite cliquewidth yet second major family fragments known finite unification sets short fus based firstorderrewritability corresponding results largely elusive far complete picture showing rpq answering arbitrary fus rulesets undecidable positive side establish problem decidable prominent fus subclass sticky rulesets caveat mild extension rpq formalism turns problem undecidable,kr,year_post_2024,0.5681320666638986,constraint satisfaction optimization,decidability existentialism path computing computer science theoretical computer science programming language epistemology philosophy,2
diagnosis post concept drift decision trees repair,shaked almog meir kalech,few_authors,-0.2344115989263833,decision trees commonly used machine learning since accurate robust classifiers decision tree built data change time causing classification performance decrease data distribution change known challenge machine learning referred concept drift concept drift detected usually experiencing decrease models performance handled training new model however method explain drift harming performance handles drifts effects main contribution paper presents novel twostep approach called appetite applies diagnosis techniques identify feature drifted adjusts model accordingly diagnosis step present two algorithms experimented 73 known datasets literature semisynthesized drifts features algorithms better handling concept drift training new model based samples drift combining two algorithms provide explanation drift competitive model new model trained entire data drift,kr,year_2022_2023,0.16402139163102464,data stream mining techniques,concept drift computer science decision tree artificial intelligence machine learning feature linguistics decision tree learning tree set theory data mining data stream mining mathematics,1
neurosymbolic ai digital forensics commonsense qualitative reasoning,son tran edjard mota artur d'avila garcez,few_authors,0.30899710767568733,knowledge representation reasoning neural networks longstanding endeavor attracted much attention recently principled integration reasoning learning neural networks main objective area neurosymbolic artificial intelligence ai chapter simple energybased neurosymbolic ai system described represent reason formally propositional logic formula creates powerful combination learning data knowledge logical reasoning start positioning neurosymbolic ai context current ai landscape unsurprisingly dominated large language models llms identify important challenges data efficiency fairness safety llms might addressed neurosymbolic reasoning systems formal reasoning capabilities discuss representation logic specific energybased system including illustrative examples empirical evaluation correspondence logical reasoning energy minimization using restricted boltzmann machines rbm system called logical boltzmann machine lbm find satisfying assignments class logical formulae searching small percentage possible truthvalue assignments learning data knowledge lbm also evaluated empirically compared purely symbolic purely neural stateoftheart neurosymbolic system achieving better learning performance five seven datasets results reported chapter accessible way expected reignite research use neural networks massively parallel models logical reasoning promote principled integration reasoning learning deep networks lbm also evaluated role interpretable neural module added top complex neural networks convolutional networks encoderdecoder networks implement given set logical constraints eg fairness safety requirements lbm evaluated deployed solution connectionist boolean satisfiability sat problem maximum satisfiability maxsat approximate optimization problems certain logical rules may given higher priority penalty according confidence value conclude chapter discussion importance positioning neurosymbolic ai within broader framework formal reasoning accountability ai discussing challenges neurosymbolic ai tackle various known problems reliability deep learning close opinion risks ai future opportunities neurosymbolic ai,iclp,year_post_2024,0.9722427416967726,notopic,knowledge representation reasoning deductive reasoning automated reasoning nonmonotonic logic logical reasoning opportunistic reasoning reasoning system context archaeology,5
capturing nonflat assumptionbased argumentation bipolar setafs,matti berthold anna rapberger markus ulbricht,few_authors,0.30899710767568733,flat fragment assumptionbased argumentation aba widely studied literature general nonflat case mostly neglected far recently possible way instantiate nonflat aba terms abstract argumentation framework gap closed completebased aba semantics capturing admissiblebased semantics yet achieved looking relation instantiated arguments requires augmenting arguments premises hence semiabstract instantiaiton paper provide compact fully abstract instantiation making use collective attack support relations inspired fundamental properties abstract formalisms identify flaws native aba semantics nonflat case provide refinements thereof utilizing novel instatiation,kr,year_post_2024,0.5681320666638986,software engineering research,argumentation theory computer science epistemology philosophy,1
iterative fixpoint semantics mknf hybrid knowledge bases function symbols,marco alberti riccardo zese fabrizio riguzzi evelina lamma,many_authors,0.852405814277758,hybrid knowledge bases based lifschitzs logic minimal knowledge negation failure successful approach combine expressivity description logics logic programming single language syntax defined motik rosati disallows function symbols order define wellfounded semantics mknf hkbs knorr et al define partition modal atoms occurring called alternating fixpoint partition paper propose iterated fixpoint semantics hkbs function symbols prove semantics extends knorr et als functionfree hkbs coincides alternating fixpoint partition proposed semantics lends well probabilistic extension distribution semantic approach subject future work,iclp,year_2022_2023,-0.24008928340184937,logic reasoning knowledge,iterated function fixed point modal calculus computer science semantics computer science programming language mathematics discrete mathematics theoretical computer science algorithm description logic intermediate logic normal modal logic,1
inference probabilistic logic programs using lifted explanations,fabrizio riguzzi,single_author,-0.7778203055284539,noabstract,iclp,year_2016_2017,-2.6647533335990934,philosophy theoretical science,inference computer science artificial intelligence,3
refining semantics epistemic specifications,ezgi iraz su,single_author,-0.7778203055284539,answer set programming asp efficient problemsolving approach strongly supported scientifically technologically several solvers ongoing active research implementations many different fields however although researchers acknowledged long ago necessity epistemic operators language asp better introspective reasoning research venue attract much attention recently moreover existing epistemic extensions asp literature widely approved either due fact propose unintended results even simple acyclic epistemic programs new unexpected results may possibly found importantly researchers different reasonings critical programs end cabalar et al recently identified structural properties epistemic programs formally support possible semantics proposal programs standardise results nonetheless soundness properties still debate widely accepted either asp community thus seems still time really understand paradigm mature formalism determine principles providing formal justification understandable models paper mainly focus existing semantics approaches criteria satisfactory semantics supposed satisfy ways improve also extend wellknown propositions hereandthere logic ht epistemic ht reveal real behaviour programs finally propose slightly novel semantics epistemic asp considered reflexive extension cabalar et als recent formalism called autoepistemic asp,iclp,year_2020_2021,-0.6441999584347234,logic reasoning knowledge,soundness computer science semantics computer science epistemology implementation introspection answer set programming formal semantics linguistics formalism music wellfounded semantics epistemic modal logic focus optics set abstract data type programming language operational semantics denotational semantics description logic philosophy,1
proportional dependencies asymptotics probabilistic representations,darren bradley,single_author,-0.7778203055284539,formal epistemology epistemology uses mathematical tools foremost among probability theory represent strength belief assigning number zero one one representing belief maximal strength zero minimal strength using formal tools investigate range epistemological questions justifies beliefs evidence inform belief update beliefs time,iclp,year_2020_2021,-1.0483106334675973,logic reasoning knowledge,probabilistic logic range aeronautics epistemology zero linguistics formal epistemology computer science mathematics artificial intelligence psychology philosophy social epistemology linguistics,2
natlog lightweight logic programming language neurosymbolic touch,paul tarau,single_author,-0.7778203055284539,introduce natlog lightweight logic programming language sharing prologs unificationdriven execution model simplified syntax semantics proofofconcept natlog implementation tightly embedded pythonbased deeplearning ecosystem focus contentdriven indexing ground term datasets overriding symbolic indexing algorithm function delegated neural network serving ground facts natlogs resolution engine opensource implementation available python package httpspypiorgprojectnatlog,iclp,year_2020_2021,-0.6441999584347234,natural language processing techniques,computer science python programming language programming language unification prolog logic programming programming paradigm artificial intelligence theoretical computer science,4
effects adding assignments lineartime temporal logics modulo theories,stéphane demri raul fervari,few_authors,-0.2344115989263833,introduce lineartime temporal logics past operators featuring simple assignment modality performs local changes models structures infinite sequences valuations interpreting variables elements possibly infinite data domain study several fragments well case boolean domain establish actually expressive firstorder logic infinite sequences propositional valuations logics concrete domains n z q equipped respective linear ordering equality tests show satisfiability problem decidable logics expressive version without assignment operator interestingly entails assignments provide huge concise ness helpful succinct specifications,kr,year_post_2024,0.9722427416967726,logic reasoning knowledge,tnorm fuzzy logics propositional variable satisfiability propositional calculus monoidal tnorm logic linear temporal logic fragment logic boolean satisfiability problem algebra field,4
mind gaps logical english prolog multiagent systems autonomous vehicles,galileo sartor adam wyner giuseppe contissa,few_authors,0.30899710767568733,paper present modular system representing reasoning legal aspects traffic rules autonomous vehicles focus subset united kingdoms highway code hc related junctions human drivers automated vehicles avs interact roads especially urban environments claim accessible unitary highlevel computational model exist applicable users autonomous vehicles introduce shift liability bring disadvantages increased burden human drivers develop system silico model proposed system built three main components natural language interface using logical english encodes rules internal representation rules prolog multiagentbased simulation environment built netlogo three components interact logical english translated prolog along support code prolog netlogo interface via predicates modular approach enables different components carry different burdens overall system also allows swapping modules given netlogo visualize effect modeled rules well validate system simple dynamic running scenario designated agents monitor behaviour vehicles compliance record potential violations occur information potential violations utilized validators determine whether violation punishable differentiating exceptions cases,iclp,year_post_2024,0.5681320666638986,multiagent systems negotiation,prolog computer science programming language artificial intelligence cognitive science psychology,3
automata dynamic answer set solving preliminary report,ivor uhliarik,single_author,-0.7778203055284539,noabstract,iclp,year_2020_2021,-0.6441999584347234,logic reasoning knowledge,computer science fuzzy logic set abstract data type product mathematics fuzzy set answer set programming artificial intelligence programming language mathematics,4
scalable ethical medical scheduling aspbased framework patientcentered experimental validation,hongnan ye,single_author,-0.7778203055284539,noabstract,iclp,year_post_2024,0.9722427416967726,ethics medical practice,action physics medline patient advocacy collective action conflict interest binary number,4
generating explainable rule sets treeensemble learning methods answer set programming,akihiro takemura katsumi inoue,few_authors,-0.2344115989263833,propose method generating explainable rule sets treeensemble learners using answer set programming asp end adopt decompositional approach split structures base decision trees exploited construction rules turn assessed using pattern mining methods encoded asp extract interesting rules show userdefined constraints preferences represented declaratively asp allow transparent flexible rule set generation rules used explanations help user better understand models experimental evaluation realworld datasets popular treeensemble algorithms demonstrates approach applicable wide range classification tasks,iclp,year_2020_2021,-0.6441999584347234,logic reasoning knowledge,set abstract data type answer set programming base topology range aeronautics decision tree knowledge base,5
uniform language explain decision trees,marcelo arenas pablo barceló diego bustamante jose caraball bernardo subercaseaux,many_authors,1.3958145208798287,formal xai community studied plethora interpretability queries aiming understand classifications made decision trees however uniform understanding questions hope answer models traditionally deemed easily interpretable remained elusive initial attempt understand uniform languages interpretability arenas et al proposed foil logic explaining blackbox ml models showed express variety interpretability queries however show foil limited two important senses expressive enough capture crucial queries ii model agnostic nature results high computational complexity decision trees paper carefully craft two fragments firstorder logic allow efficiently interpreting decision trees qdtfoil optimization variant optdtfoil show proposed logics express variety interpretability queries considered previous literature also elegantly allows users specify different objectives sought explanations optimize using finite modeltheoretic techniques show different ingredients qdtfoil necessary expressiveness yet queries qdtfoil evaluated polynomial number queries sat solver well optimization versions optdtfoil besides theoretical results provide satbased implementation evaluation optdtfoil performant industrysize decision trees,kr,year_post_2024,0.5681320666638986,data mining algorithms applications,computer science decision tree artificial intelligence,5
probabilistic programming probabilistic argumentation,rolf haenni jan-willem romeijn gregory wheeler jon williamson,many_authors,0.852405814277758,noabstract,iclp,year_2020_2021,-0.6441999584347234,multiagent systems negotiation,argumentation theory probabilistic argumentation probabilistic logic proposition epistemology mathematics computer science mathematical economics theoretical computer science artificial intelligence philosophy,3
epistemic logic reasoning strategies general auctions,jaakko hintikka,single_author,-0.7778203055284539,noabstract,iclp,year_2020_2021,-1.0483106334675973,classical philosophy thought,epistemology epistemic modal logic cognitive science philosophy computer science psychology artificial intelligence multimodal logic description logic,4
refined operational semantics freechr,sascha rechenberger thom frühwirth,few_authors,-0.2344115989263833,constraint handling rules chr rulebased programming language typically embedded generalpurpose language exists plethora implementations numerous host languages however existing implementations often reinvent way embed chr impedes maintenance weakens assertions correctness formalize thereby standardize embedding arbitrary host languages introduced framework freechr proved valid representation classical ground chr framework includes translation abstract operational semantics due abstract nature sufficient base practical implementations paper present translation refined operational semantics freechr prove valid concretization abstract semantics freechr equivalent representation refined semantics chr establish implementations freechr equivalent behavior expressiveness existing implementations chr,iclp,year_post_2024,0.9722427416967726,logic programming type systems,implementation semantics computer science operational semantics embedding representation politics constraint computeraided design translation biology,1
xai approach datatotext processing asp,alessandro dal palù agostino dovier andrea formisano,few_authors,0.30899710767568733,generation natural language text data series gained renewed interest among ai research goals surprisingly proposals state art based training system order produce text describes coherent data provided input main challenges approaches proper identification say key descriptive elements addressed data say correspondence accuracy data text presence contradictionsredundancy text control amount synthesis paper presents framework compliant xai requirements particular model asppython programs enable explicit control accuracy errors amount synthesis proven optimal solutions text description hierarchically organized topdown structure text enriched details according logic rules generation natural language descriptions structure also managed logic rules,iclp,year_2022_2023,0.16402139163102464,natural language processing techniques,computer science python programming language redundancy engineering key lock natural language processing artificial intelligence information retrieval programming language,5
deontic reasoning based inconsistency measures,ofer arieli kees van berkel badran raddaoui christian strasser,many_authors,0.852405814277758,conflicts inherent normative systems paper explore novel approach normative reasoning quantifying amount conflicts within normative systems refine idea classical logic according formula consequence knowledge base case negation renders knowledge base inconsistent approach whether formula logical consequence depends instance negations marginal contribution inconsistency given knowledge base accordingly various inconsistency measures corresponding nonmonotonic paraconsistent normative entailment relations analyzed relative number logical properties illustrate approach adopt inputoutput logic renowned formalism deontic logic specifically designed defeasible normative reasoning application resulting entailment relations provide recommendations agents minimizing norm conflicts may incorporated number implementations like tweety libraries logikey framework involving inconsistency measurements normative reasoning,kr,year_post_2024,0.5681320666638986,logic reasoning knowledge,deontic logic computer science artificial intelligence natural language processing epistemology philosophy,1
default logic species causal reasoning,alexander bochman,single_author,-0.7778203055284539,show reiters default logic viewed particular instantiation causal reasoning demonstrated establishing back forth translations default theories causal theories causal calculus particular nonmonotonic semantics causal theories called default semantics moreover shown pearls structural equation models viewed default causal theories sense discuss also global consequences representation could establishing general role causation nonmonotonic reasoning,kr,year_2022_2023,0.16402139163102464,logic reasoning knowledge,nonmonotonic logic default logic causation semantics computer science computer science deductive reasoning pearl causal reasoning cognitive science causal model artificial intelligence representation politics knowledge representation reasoning epistemology mathematics description logic multimodal logic autoepistemic logic cognition psychology philosophy programming language,4
aspen aspbased system collective entity resolution,zhiliang xiang meghyn bienvenu gianluca cima víctor gutiérrez basulto yazmín ibáñez garcía,many_authors,1.3958145208798287,paper present aspen answer set programming asp implementation recently proposed declarative framework collective entity resolution er asp encoding previously suggested several practical issues neglected notably question efficiently compute externally defined similarity facts used rule bodies leads us propose new variants encodings including datalog approximations show employ different functionalities asp solvers compute maximal solutions approximations sets possible certain merges comprehensive experimental evaluation aspen realworld datasets shows approach promising achieving high accuracy reallife er scenarios experiments also yield useful insights relative merits different types approximate er solutions impact recursion factors influencing performance,kr,year_post_2024,0.5681320666638986,topic modeling,datalog recursion computer science answer set programming computer science set abstract data type resolution logic similarity geometry encoding memory theoretical computer science algorithm programming language artificial intelligence image mathematics,3
boolean nearest neighbor language knowledge compilation map,ondřej čepek jelena glišić,few_authors,-0.2344115989263833,boolean nearest neighbor bnn representation boolean functions recently introduced hajnal liu turan bnn representation function f pair pn sets boolean vectors called positive negative prototypes fx 1 every positive prototype x p fx 0 every negative prototype x n value fx x p n determined type closest prototype main aim paper determine position bnn language knowledge compilation map kcm end settle complexity status standard queries transformations listed kcm bnn inputs also compare succinctness bnn language several languages considered kcm,kr,year_post_2024,0.9722427416967726,advanced database systems queries,succinctness boolean function representation politics boolean expression function biology knearest neighbors algorithm product term knowledge representation reasoning value mathematics,4
lost crowd kunmatchability anonymized knowledge graphs,piero andrea bonatti francesco magliocca luigi sauro,few_authors,0.30899710767568733,paper introduces investigates kunmatchability counterpart kanonymity knowledge graphs like kanonimity kunmatchability enhances privacy ensuring individual external source always matched either none least k different anonymized individuals tradeoff privacy protection information loss controlled parameter k analyze data complexity kunmatchability different notions anonymization,kr,year_post_2024,0.5681320666638986,privacypreserving technologies data,computer science knowledge graph information retrieval,1
learning general policies examples,blai bonet hector geffner,few_authors,-0.2344115989263833,combinatorial methods learning general policies solve large collections planning problems recently developed one strengths relation deep learning approaches resulting policies understood shown correct weakness methods scale learn small training instances feature pools contain hundreds states features work propose new symbolic method learning policies based generalization sampled plans ensures structural termination hence acyclicity proposed learning approach based satasp previous symbolic methods hitting set algorithm effectively handle problems millions states pools hundreds thousands features formal properties approach analyzed scalability tested number benchmarks,kr,year_post_2024,0.9722427416967726,aibased problem solving planning,generalization feature linguistics scalability relation database set abstract data type scale ratio feature learning,5
joint proceedings workshops doctoral consortium 41st international conference logic programming iclpwsdc 2025 colocated 41st international conference logic programming iclp 2025 rende italy september 913 2025,rémy haemmerlé,single_author,-0.7778203055284539,noabstract,iclp,year_post_2024,0.9722427416967726,logic programming type systems,computer science constraint programming prolog programming language constraint logic programming concurrency concurrent constraint logic programming constraint computeraided design constraint satisfaction semantics computer science logic programming constraint satisfaction problem theoretical computer science fifthgeneration programming language functional logic programming programming paradigm mathematics inductive programming mathematical optimization artificial intelligence,1
realizability revision contraction operators epistemic spaces,kai sauerwald matthias thimm,few_authors,-0.2344115989263833,paper studies realizability belief revision belief contraction operators epistemic spaces observe agm revision agm contraction operators epistemic spaces realizable precisely determined epistemic spaces define class linear change operators special kind maxichoice operators agm revision respectively agm contraction realizable linear change operators canonical realization,kr,year_post_2024,0.5681320666638986,mathematical theoretical analysis,realizability contraction grammar computer science epistemology mathematics calculus dental algebra field pure mathematics philosophy algorithm linguistics medicine,2
complexity results algorithms preferential argumentative reasoning aspic,tuomo lehtonen daphne odekerken johannes p. wallner matti järvisalo,many_authors,0.852405814277758,provide complexity results algorithms reasoning central structured argumentation formalism aspic considering aspic accommodated preferences lastlink principle results made possible rephrasing several argumentation semanticsadmissible complete stable preferred groundedin terms defeasible elements aspic theory democratic elitist lastlink lifting via rephrasing establish acceptance polynomialtime computable grounded semantics complete either np conp pip2 depending reasoning mode semantics also detail answer set programming encodings deciding acceptance npconpcomplete reasoning tasks empirically show scales significantly better first translating aspic reasoning tasks abstract argumentation finally show contrast lastlink principle nphard compute grounded extension weakestlink principle,kr,year_post_2024,0.5681320666638986,advanced software engineering methodologies,argumentative computer science algorithm theoretical computer science artificial intelligence epistemology philosophy,3
minimal model reasoning description logics donapost try home,federica di stefano quentin manière magdalena ortiz mantas šimkus,many_authors,0.852405814277758,reasoning minimal models always core many knowledge representation techniques still limited understanding problem description logics dls minimization selected predicatesletting remaining predicates vary fixed proposed circumscriptionhas explored exhibits high complexity case pure minimal models extension predicates must minimal remained largely uncharted address problem popular dls obtain surprisingly negative results concept satisfiability minimal models undecidable already el undecidability also extends restricted fragment tuplegenerating dependencies regain decidability impose acyclicity conditions tbox bring worstcase complexity double exponential time allow us establish connection recently studied pointwise circumscription also derive results data complexity conclude brief excursion dllite family positive result known dllitecore investigation establishes expspacehardness already extension dllitehorn,kr,year_post_2024,0.9722427416967726,semantic web ontologies,undecidable problem satisfiability extension predicate logic minimal models pointwise fragment logic boolean satisfiability problem minimal model representation politics decidability,2
benchmarking integrating logic rules everything else,yanhong a. liu scott d. stoller yi tong k. tuncay tekle,many_authors,0.852405814277758,integrating logic rules language features increasingly sought advanced applications require knowledgebase capabilities address demand increasingly languages extensions integration developed evaluate languages paper describes set programming performance benchmarks evaluating languages supporting integrated use rules features results evaluating integrated language together logic languages languages supporting logic rules,iclp,year_2022_2023,0.16402139163102464,logic reasoning knowledge,computer science logic programming benchmarking ontology language programming language fifthgeneration programming language set abstract data type declarative programming secondgeneration programming language artificial intelligence programming paradigm inductive programming,4
prolog meets generative models new approach managing knowledge planning robotic applications abstract,enrico saccon ahmet tikna davide de martini edoardo lamon luigi palopoli marco roveri,many_authors,1.9392232274818992,paper propose robot oriented knowledge representation system based use prolog language framework hinges special organisation knowledge base kb enables 1 efficient population natural language texts using semiautomated procedures based large language models llms 2 seamless generation temporal parallel plans multirobot systems sequence transformations 3 automated translation plan executable formalism framework supported set open source tools functionality shown realistic application,iclp,year_post_2024,0.9722427416967726,aibased problem solving planning,prolog computer science generative grammar artificial intelligence software engineering generative design programming language humancomputer interaction engineering,5
abductive reasoning paraconsistent framework,meghyn bienvenu katsumi inoue daniil kozhemiachenko,few_authors,0.30899710767568733,explore problem explaining observations starting classically inconsistent theory adopting paraconsistent framework consider two expansions wellknown belnapdunn paraconsistent fourvalued logic bd bdcirc introduces formulas form circ phi information phi reliable bdtriangle augments language formulas triangle phi information phi true define motivate notions abduction problems explanations bdcirc bdtriangle show reducible one another analyse complexity standard abductive reasoning tasks solution recognition solution existence relevance necessity hypotheses logics finally show reduce abduction bdcirc bdtriangle abduction classical propositional logic thereby enabling reuse existing abductive reasoning procedures,kr,year_post_2024,0.5681320666638986,logic reasoning knowledge,abductive reasoning relevance law propositional calculus paraconsistent logic computer science reuse nonmonotonic logic mathematics theoretical computer science artificial intelligence algebra field calculus dental algorithm discrete mathematics description logic pure mathematics higherorder logic,5
multihead linear restricted chase termination,lukas gerlach lucas larroque jerzy marcinkowski piotr ostropolski-nalewaja,many_authors,0.852405814277758,chase ubiquitous algorithm database theory however existential rules aka tuplegenerating dependencies termination guaranteed even undecidable general problem termination becomes particularly difficult restricted standard chase order rule application matters thus decidability restricted chase termination still open many wellbehaved classes linear guarded multiheaded rules make step forward showing allinstances restricted chase termination decidable linear multiheaded case,kr,year_post_2024,0.9722427416967726,advanced database systems queries,undecidable problem decidability chase order exchange normalization property,2
preliminary datadriven analysis common errors encountered novice sparc programmers,zach hansen hanxiang du wanli xing rory eckel justin lugo yuanlin zhang,many_authors,1.9392232274818992,answer set programming asp modern development logic programming enables natural integration computing stem subjects integration addresses widely acknowledged challenge k12 education early empirical results aspbased integration promising although asp considered simple language compared imperative programming languages programming errors still significant barrier students particularly true k12 students novice users asp categorizing errors measuring difficulty yielded insights imperative languages like java however little known types difficulty errors encountered k12 students using asp address collected high school student programs submitted 4session seminar teaching asp language known sparc error messages dataset identify collection error classes measure frequently class occurs difficult resolve,iclp,year_2022_2023,-0.24008928340184937,logic reasoning knowledge,computer science session web analytics java class philosophy set abstract data type programming language java programming language answer set programming artificial intelligence world wide web,2
expressive description logics rich yet affordable numeric constraints,federica di stefano sanja lukumbuzya magdalena ortiz mantas šimkus,many_authors,0.852405814277758,description logics dls excel representing structured knowledge several application domains fall short comes reasoning numeric aspects consider expressive dl alchoiq closed predicates extend features ranging userspecified finite numeric intervals feature assertions local additive constraints feature values illustrate power language describing problems involve ontological numeric reasoning study reasoning problems go beyond satisfiability finding models minimize costs show additional numeric modeling reasoning capabilities accommodated extending standard reasoning technique alchoiq using linear inequalities extension necessarily increase worstcase computational cost,kr,year_post_2024,0.9722427416967726,semantic web ontologies,expressive power feature linguistics description logic automated reasoning extension predicate logic nonmonotonic logic reasoning system knowledge representation reasoning,3
representing perfect saturated cost partitioning heuristics classical planning,paul höft david speck jendrik seipp,few_authors,0.30899710767568733,saturated cost partitioning scp one strongest methods admissibly combining heuristics optimal classical planning quality scp heuristic depends heavily order component heuristics considered high accuracy essential maximize multiple scp heuristics computed using different component orders however n component heuristics even enumerating n orders usually infeasible consequently previous work resorted using greedy algorithms local optimization contrast present first practical method computing perfect scp heuristic equivalent considering component orders show set scp heuristics forms additive disjunctive heuristic allows us concisely represent component orders directed acyclic graph furthermore certain components considered order remaining components often becomes irrelevant exploiting characteristic reduce size heuristic representation several orders magnitude practice finally work makes possible compare quality existing scp methods perfect scp heuristic revealing existing approximations nearly optimal standard benchmarks,kr,year_post_2024,0.9722427416967726,aibased problem solving planning,heuristics component thermodynamics heuristic representation politics set abstract data type quality philosophy,1
subtlety causal reasoning probabilistic logic programming bug report causal interpretation annotated disjunctions,noauthor,no_author,-1.3212290121305246,noabstract,iclp,year_2022_2023,0.16402139163102464,logic reasoning knowledge,probabilistic logic programming language computer science law theoretical computer science mathematics mathematical economics artificial intelligence political science,4
advances big data bio analytics,yong shi,single_author,-0.7778203055284539,noabstract,iclp,year_2018_2019,-1.4524213085004714,big data business intelligence,big data data science slogan computer science section typography analytics data analysis data mining political science,1
pushing envelope numeric pattern planning,matteo cardellini enrico giunchiglia,few_authors,-0.2344115989263833,paper present symbolic searchbased procedure numeric planning based symbolic pattern planning spp spp pattern sequence actions used define logic formula whose models correspond sequences applicable actions reachable states starting empty pattern iteratively extend compress using search techniques goal state reached prove correctness completeness procedure demonstrate good performance compared original spp approach publicly available numeric planners 2023 international planning competition agile track,kr,year_post_2024,0.9722427416967726,aibased problem solving planning,completeness order theory correctness sequence biology envelope radar state computer science agile software development,3
representation theorem causal decision making,james m. joyce,no_author,-1.3212290121305246,come grips concept conditional belief return problem proving representation theorem causal decision theory decision theory complete supplemented representation theorem shows global requirement maximize expected utility theory reflected local level constraints individual beliefs desires main foundational shortcoming causal decision theory always lack adequate representation result evidential decision theory underwritten bolkers theorem generalization established end chapter 4 seems militate strongly favor evidential approach chapter remove apparent advantage proving bolkerstyled representation result abstract conditional decision theory whose two primitives probability supposition preference supposition theorem believe widely applicable intuitively satisfying representation result yet attained see proper qualifications used common foundation causal decision theory evidential decision theory existence cements one basic theses work,kr,year_post_2024,0.5681320666638986,bayesian modeling causal inference,causal decision theory evidential decision theory decision theory representation politics representation theorem evidential reasoning approach generalization mathematics mathematical economics preference subjective expected utility conditional probability decision rule causality physics expected utility hypothesis computer science decision analysis artificial intelligence discrete mathematics business decision mapping,5
global type inference java using answer set programming,fabrizio riguzzi,single_author,-0.7778203055284539,noabstract,iclp,year_post_2024,0.9722427416967726,logic reasoning knowledge,probabilistic logic computer science answer set programming set abstract data type programming language artificial intelligence,4
reasoning assumptionbased argumentation via sat,andreas niskanen masood feyzbakhsh rankooh tuomo lehtonen matti järvisalo,many_authors,0.852405814277758,dominant approaches solving nphard reasoning problems computational argumentation declarativenamely boolean satisfiability sat case abstract argumentation answer set programming asp case structured formalisms assumptionbased argumentation aba asp particularly suited commonlystudied logic programming variant aba acyclic derivations aba naturally modelled asp work develop evaluate various alternative approaches realizing satbased reasoning aba motivated success sat solvers realm abstract argumentation contrast asp nontrivial encodings extensions sat solvers needed efficiently handle acyclicity constraint underlying aba reasoning develop evaluate advanced encodings userdefined propagation mechanisms realizing efficient satbased reasoning aba result provide first satbased aba reasoner outperform current stateoftheart asp approach aba,kr,year_post_2024,0.9722427416967726,logic reasoning knowledge,answer set programming semantic reasoner argumentation theory rotation formalisms three dimensions nonmonotonic logic logic programming satisfiability boolean satisfiability problem automated reasoning,4
bottomup stratified probabilistic logic programming fusemate,peter baumgartner elena tartaglia,few_authors,-0.2344115989263833,paper introduces fusemate probabilistic logic programming system fusemates inference engine comprises grounding component variable elimination method probabilistic inference fusemate differs systems grounding program bottomup way instead common topdown way bottomup grounding attractive number reasons eg dynamically creating distributions varying support sizes makes harder control amount ground clauses generated address problem interleaving grounding queryguided relevance test prunes rules whose bodies inconsistent query done present method detail demonstrate examples involve time hidden markov models experiments demonstrate competitive better performance compared stateofthe art probabilistic logic programming system particular high branching problems,iclp,year_2022_2023,0.16402139163102464,logic reasoning knowledge,probabilistic logic computer science probabilistic ctl logic programming ground inference interleaving markov chain probabilistic logic network theoretical computer science programming language artificial intelligence machine learning probabilistic analysis algorithms engineering,3
constraint propagation explanation novel types abstract compilation,krinke andreas,single_author,-0.7778203055284539,design digital integrated circuits ics largely automated design analog mixedsignal ams ics still dominated manual tasks one biggest obstacles automation large number constraints taken account ams ic design derived specifcation actual design process must fulflled production ic begin aim work present fndings regarding formalization constraints propagation within design hierarchy order make visible verifable relevant cells constraints integrated ams ic design process considered stages design research enables integration consideration constraints types design toolsnot ams ic design generalization design process,iclp,year_2016_2017,-2.6647533335990934,vlsi fpga design techniques,computer science integrated design constraint computeraided design process computing electronic design automation engineering design process physical design integrated circuit design process hierarchy systems engineering automation circuit design computer architecture engineering process integration embedded system programming language,4
frdxel expert system danish traffic law,luís cruz-filipe jonas vistrup,few_authors,-0.2344115989263833,present faerdxel tool symbolic reasoning domain danish traffic law faerdxel combines techniques logic programming novel interface allows users navigate reasoning process thereby ensuring systems explainability towards goal better understanding value faerdxel two evaluations system performed 1 empirical evaluation showing selection court cases conclusions faerdxel align danish judges 2 qualitative evaluation legal experts indicating work potential become foundation realworld ai tools supporting professionals danish legal sector,iclp,year_post_2024,0.9722427416967726,business process modeling analysis,danish law political science philosophy linguistics,1
logic tensor networkenhanced generative adversarial network,nijesh upreti vaishak belle,few_authors,-0.2344115989263833,paper introduce logic tensor networkenhanced generative adversarial network ltngan novel framework enhances generative adversarial networks gans incorporating logic tensor networks ltns enforce domainspecific logical constraints sample generation process although gans shown remarkable success generating realistic data often lack mechanisms incorporate prior knowledge enforce logical consistency limiting applicability domains requiring rule adherence ltns provide principled way integrate firstorder logic neural networks enabling models reason satisfy logical constraints combining strengths gans realistic data synthesis ltns logical reasoning gain valuable insights logical constraints influence generative process improving diversity logical consistency generated samples evaluate ltngan across multiple datasets including synthetic datasets gaussian grid rings mnist dataset demonstrating model significantly outperforms traditional gans terms adherence predefined logical constraints maintaining quality diversity generated samples work highlights potential neurosymbolic approaches enhance generative modeling knowledgeintensive domains,iclp,year_post_2024,0.9722427416967726,generative adversarial networks image synthesis,generative grammar mnist database consistency knowledge bases adversarial system process computing limiting logical framework,3
towards incremental modular contextsensitive analysis,isabel garcia-contreras josé f. morales manuel v. hermenegildo,few_authors,0.30899710767568733,abstract contextsensitive global analysis large code bases expensive make use impractical software development however many situations modifications small isolated within components desirable reuse much possible previous analysis results achieved date incremental global analysis fixpoint algorithms achieve cost reductions fine levels granularity changes program lines however finegrained techniques neither directly applicable modular programs designed take advantage modular structures paper describes implements evaluates algorithm performs efficient contextsensitive analysis incrementally modular partitions programs experimental results show proposed modular algorithm shows significant improvements time memory consumption compared existing nonmodular finegrain incremental analysis techniques furthermore thanks proposed intermodular propagation analysis information algorithm also outperforms traditional modular analysis even analyzing scratch,iclp,year_2018_2019,-1.8565319835333454,logic programming type systems,modular design reuse software code set theory modular programming static analysis code reuse,2
implementing firstorder logic,jens otten torsten schaub,few_authors,-0.2344115989263833,present automated theorem provers firstorder logic ht based native sequent calculus logic ht axiomatic embedding logic ht intuitionistic logic analytic proof search sequent calculus optimized using free variables skolemization embedding used combination sequent tableau connection calculi intuitionistic firstorder logic provers evaluated large benchmark set firstorder formulas providing foundation development efficient ht provers,iclp,year_post_2024,0.9722427416967726,logic programming type systems,sequent calculus cutelimination theorem natural deduction sequent curryhoward correspondence embedding structural proof theory calculus dental proof theory,2
automating defeasible reasoning law answer set programming,guido governatori,single_author,-0.7778203055284539,present brief overview domain specific language l4 provide defeasible semantics based answer set programming encoding defeasible deontic logic,iclp,year_2022_2023,-0.24008928340184937,logic reasoning knowledge,deontic logic defeasible estate programming language computer science answer set programming defeasible reasoning logic programming set abstract data type normal modal logic artificial intelligence logic program theoretical computer science multimodal logic description logic epistemology philosophy,3
quantification aggregation concepts ontology,pierre carbonnelle matthias van der hallen marc denecker,few_authors,0.30899710767568733,argue kr applications want quantify sets concepts formally represented symbols vocabulary show quantification distinguished secondorder quantification metaprogramming quantification also investigate relationship concepts intensional logic present extension firstorder logic support abstractions show allows writing expressions knowledge elaboration tolerant avoid nonsensical sentences formalism refine concept wellformed sentences propose method verify wellformedness complexity linear number tokens formula extended fo knowledge representation language idpz3 reasoning engine fo accordingly show extension essential accurately modelling various problem domains elaborationtolerant way ie without reification,iclp,year_2022_2023,0.16402139163102464,logic reasoning knowledge,ontology computer science data science information retrieval epistemology philosophy,4
intelligent instantiation supersafe rules,gi hyun lim il hong suh,few_authors,-0.2344115989263833,noabstract,iclp,year_2016_2017,-2.6647533335990934,aibased problem solving planning,computer science robot artificial intelligence service robot cognitive neuroscience visual object recognition inference object grammar service business inference engine machine learning humancomputer interaction,1
knowledgebased stable roommates problems,müge fidan,single_author,-0.7778203055284539,phd studies author focus humancentered computationallychallenging interdisciplinary problem stable roommates problem variations motivated realworld applications fact stable roommates problem always admit stable solution goal develop novel computational methods solve problems computationally efficient also yield solutions fair personalized applicable realworld benefit humans,iclp,year_post_2024,0.9722427416967726,constraint satisfaction optimization,focus optics stable marriage problem stability learning theory yield engineering context archaeology,4
fixpoint semantics recursive shacl,bart bogaerts maxime jakubowski,few_authors,-0.2344115989263833,shacl w3cproposed language expressing structural constraints rdf graphs recommendation specifies semantics nonrecursive shacl recently efforts made allow recursive shacl schemas paper argue defining studying semantics recursive shacl lessons learned years research nonmonotonic reasoning show shacl schema threevalued semantic operator directly obtained building approximation fixpoint theory aft operator immediately induces wide variety semantics including supported stable wellfounded semantics related expected ways building aft rich body theoretical results becomes directly available shacl main contribution short paper providing theoretical foundations study recursive shacl later enable informed decision extension w3c recommendation,iclp,year_2020_2021,-0.6441999584347234,semantic web ontologies,semantics computer science fixed point extension predicate logic operator biology variety cybernetics denotational semantics rdf operational semantics,1
logic programming extensible types,ivan perez angel herranz,few_authors,-0.2344115989263833,logic programming languages present clear advantages terms declarativeness conciseness however ideas logic programming met resistance programming communities generally adopted paradigms languages paper proposes novel way incorporate logic programming existing codebase typed functional programming language approach integrates host language without sacrificing static typing leverages strengths typed functional programming polymorphism higherorder combining three ideas first use extensible types technique allow values host language contain logic variables second implement unification algorithm works data structure supports certain operationsthird introduce domainspecific language define query predicates demonstrate proposal via series examples provide aids make notation convenient users showing proposed approach technically possible also practical ideas implemented language haskell good results,iclp,year_post_2024,0.9722427416967726,logic programming type systems,functional logic programming haskell declarative programming logic programming fifthgeneration programming language inductive programming programming paradigm unification reactive programming programming domain,3
graphical conditions existence unicity number regular models,van-giang trinh belaid benhamou sylvain soliman françois fages,many_authors,0.852405814277758,regular models normal logic program particular type partial ie 3valued models correspond stable partial models minimal undefinedness paper explore graphical conditions dependency graph finite ground normal logic program analyze existence unicity number regular models program show three main results 1 necessary condition existence nontrivial ie non2valued regular models 2 sufficient condition unicity regular models 3 two upper bounds number regular models based positive feedback vertex sets first two conditions generalize finite cases two existing results obtained yuan 1994 normal logic programs wellfounded stratification third result also new best knowledge key proofs connection establish finite ground normal logic programs boolean network theory,iclp,year_post_2024,0.5681320666638986,matrix theory algorithms,mathematics computer science,1
logicbased composition business process models,valeria fionda antonio ielo francesco ricca,few_authors,0.30899710767568733,process mining family techniques exploit data collected process execution analyze improve process efficiency quality security years many modeling languages proposed process model specification different expressiveness features computational properties propose new logicbased declarative formalism called constraint formulae compose process specifications expressed heterogeneous process modeling languages without altering original semantics formalize common process mining tasks constraint formulae study computational properties provide implementation answer set programming,kr,year_2022_2023,0.16402139163102464,business process modeling analysis,computer science formalism music business process modeling process modeling programming language business process process mining constraint programming theoretical computer science process computing business process discovery semantics computer science logic programming constraint computeraided design constraint logic programming constraint satisfaction work process artificial intelligence mathematics mathematical optimization,2
answer set programming framework reasoning truthfulness statements agents,marcello balduccini michael gelfond enrico pontelli tran cao son,many_authors,0.852405814277758,paper proposes framework capturing agents beliefs evolve time response observations answering question whether statements made third party believed basic components framework formalism reasoning actions changes observations formalism default reasoning paper describes concrete implementation leverages answer set programming determining evolution agents belief state based observations knowledge effects actions theory influence agents beliefs beliefs used assess whether statements made third party accepted truthful paper investigates application proposed framework detection maninthemiddle attacks targeting computers cyberphysical systems finally briefly discuss related work possible extensions,iclp,year_2016_2017,-2.6647533335990934,logic reasoning knowledge,formalism music answer set programming computer science set abstract data type artificial intelligence belief revision logic programming programming language,3
reintegration logical english scasp,noauthor,no_author,-1.3212290121305246,noabstract,iclp,year_2022_2023,0.16402139163102464,flexible reconfigurable manufacturing systems,automation computer science process automation system manufacturing engineering engineering systems engineering software engineering mechanical engineering,4
trap space semantics normal logic programs,van-giang trinh sylvain soliman françois fages belaid benhamou,many_authors,0.852405814277758,logical semantics normal logic programs traditionally based notions clarks completion twovalued threevalued canonical models including supported stable regular wellfounded models twovalued interpretations also seen states evolving programs update operator producing transition graph whose fixed points cycles capture stable oscillatory behaviors respectively refer view dynamical semantics since characterizes programs meaning terms statespace trajectories first introduced stable supported class semantics recently established formal connection datalogneg programs ie normal logic programs without function symbols boolean networks leading introduction trap space concept datalogneg programs paper generalize trap space concept arbitrary normal logic programs introducing trap space semantics new approach interpretation new semantics admits modeltheoretic dynamical characterizations providing comprehensive approach understanding program behavior establish foundational properties trap space semantics systematically relate established modeltheoretic semantics including stable supported stable supported partial regular lstable model semantics well dynamical stable supported class semantics results demonstrate trap space semantics offers unified precise framework proving existence supported classes strict stable supported classes regular models addition uncovering formalizing deeper relationships among existing semantics normal logic programs,iclp,year_post_2024,0.9722427416967726,logic reasoning knowledge,wellfounded semantics prooftheoretic semantics stable model semantics semantics computer science operational semantics class philosophy action semantics axiomatic semantics,4
principlebased framework analyzing dialogue gamebased semantics,yamil o. soto andrea cohen cristhian ariel d. deagustini maria vanina martinez gerardo i. simari,many_authors,1.3958145208798287,dialogue gamebased approach argumentation semantics proposes determine acceptance status arguments twoparty zerosum dialogue games furthermore selecting different sets rules govern moves arguments game allows characterization distinct argumentation semantics approach proven significant theoretical practical reasons accordingly ability identify suitable semantics given domain key element promoting adoption dialogue gamebased semantics realworld systems paper introduces set principles systematically analyzing dialogue gamebased semantics aim contribute existing frameworks enabling deeper understanding theoretical foundations argumentation semantics framework may also guide development new dialogue gamebased semantics,kr,year_post_2024,0.9722427416967726,speech dialogue systems,argumentation theory semantics computer science domain mathematical analysis set abstract data type key lock argumentation framework element criminal law,3
compilation aggregates asp,giuseppe mazzotta,single_author,-0.7778203055284539,answer set programming asp wellknown problemsolving formalism computational logic nowadays asp used many real world scenarios thanks asp solvers standard evaluation asp programs suffers intrinsic limitation knows grounding bottleneck due grounding rules could fit available memory result exist instances real world problems untractable using standard ground solve approach order tackle problem different strategies proposed among focus recent approach based compilation problematic constraints propagators revealed promising currently limited constraints without aggregates since aggregates widely used asp paper extend approach also constraints containing aggregates good results proof effectiveness proposed approach reached,iclp,year_2020_2021,-0.6441999584347234,logic reasoning knowledge,answer set programming formalism music focus optics set abstract data type key lock,2
exploring desirable configurations global logistics heuristic search answer set programming,olcay altay-kern emmanuelle dietz isabelle kuhlmann matthias thimm,many_authors,0.852405814277758,design global logistics problems solution spaces typically extremely large demonstrate challenges addressed answer set programming asp work investigates representative industrial use case global logistics problem aerospace problem domain exploration specific areas search space done using heuristicdriven solving formulation domain heuristics guide solver potentially desirable configurations quantitative evaluation key performance indicators qualitative evaluation variability models means similarity analysis shows promising results,kr,year_post_2024,0.9722427416967726,logic reasoning knowledge,heuristics set abstract data type domain mathematical analysis solver heuristic aerospace key lock space punctuation,5
translating definitions language logic programming case study,christopher john hogger,single_author,-0.7778203055284539,abstract literal either atomic formula negated atomic formula thesethe first kind called positive literal second kind called negative literal use word atom many edinburgh prolog texts refers calling constant calling atomic formula confusion terminology fault certainpersonswhoshallnotbenamed sought import lisp terminology prolog,iclp,year_2022_2023,-0.24008928340184937,linguistics language evolution,literal mathematical logic terminology confusion lisp computer science programming language linguistics constant computer programming prolog philosophy psychology,5
contextbased belief revision,bernhard nebel,single_author,-0.7778203055284539,paper adopt former perspective order distinguish operations syntactic descriptions belief bases operations belief sets belief base changes called base revision base contraction,kr,year_post_2024,0.9722427416967726,logic reasoning knowledge,belief revision consistency knowledge bases epistemology syntax computer science knowledge base artificial intelligence philosophy,1
family decidable biintuitionistic modal logics,david fernández-duque brett mclean lukas zenger,few_authors,0.30899710767568733,investigate intuitionistic logics extended coimplication connective hilbertbrouwer logic diamond box modalities use kripke semantics based frames two forth confluence conditions modal relation respect intuitionistic relation give sound strongly complete axiomatisations entailment class frames give similar axiomatisations subclasses frames satisfying combination reflexivity transitivity seriality prove logics decidable proving finite frame property,kr,year_2022_2023,0.16402139163102464,logic reasoning knowledge,decidability accessibility relation kripke semantics normal modal logic modal logic mathematics relation database preorder s5 intuitionistic logic fragment logic discrete mathematics modal algebra field pure mathematics computer science intermediate logic description logic algorithm theoretical computer science linear logic,1
picat lens advent code,neng-fa zhou cristian grozea håkan kjellerstrand oisín mac fhearaí,many_authors,0.852405814277758,picat logicbased multiparadigm programming language integrates features logic functional constraint imperative programming paradigms paper presents solutions several problems 2024 advent code aoc aoc problems designed specific programming language certain problem types reverse engineering pathfinding particularly wellsuited picat due builtin constraint solving pattern matching backtracking dynamic programming tabling paper demonstrates picats features especially satbased constraint solving tabling enable concise declarative highly efficient implementations problems would require significantly effort imperative languages,iclp,year_post_2024,0.9722427416967726,3d surveying cultural heritage,implementation constraint programming code set theory constraint computeraided design programming paradigm inductive programming programming domain lens geology,1
tutorial automating commonsense reasoning,noauthor,no_author,-1.3212290121305246,noabstract,iclp,year_2022_2023,-0.24008928340184937,epistemology ethics metaphysics,commonsense reasoning praise computer science psychology artificial intelligence social psychology,5
probabilistic htn planning formalization computational complexity analysis,mohammad yousefi johannes schmalz patrik haslum pascal bercher,many_authors,0.852405814277758,hierarchical task network htn planning approach sequential decision making allows expressing complex grammarlike path constraints paper first introduce extension htn planning takes probabilistic outcomes account study computational complexity deciding problems either finding fixed sequence actions ie conformant solution outcomedependent policy formalization extends factored markov decision processes mdps hierarchical structure studied cases conformant solutions harder obtain nondeterministic analogues whereas policies always harder surprisingly unlike deterministic counterparts severely restricted cases probabilistic htn problems proven undecidable result holds even transition probabilities bounded 0 05 1,kr,year_post_2024,0.9722427416967726,aibased problem solving planning,probabilistic logic sequence biology computational complexity theory task project management markov decision process extension predicate logic bounded function path computing markov chain,2
simple complete search logic programming,jason hemann daniel p. friedman william e. byrd matthew might,many_authors,0.852405814277758,present straightforward callbyvalue embedding small logic programming language simple complete search construct entire language 54 lines rackethalf implement unification layer 43 lines reconstruction existing logic programming language minikanren attest implementations pedagogical value evidence suggests combination expressiveness concision elegance compelling since microkanrens release spawned 50 embeddings two dozen host languages including go haskell prolog smalltalk,iclp,year_2016_2017,-2.2606426585662196,logic programming type systems,programming language haskell logic programming computer science prolog embedding unification functional logic programming declarative programming smalltalk programming paradigm fifthgeneration programming language simple philosophy theoretical computer science functional programming inductive programming artificial intelligence objectoriented programming,5
formalizing informal logic natural language deductivism,douglas walton thomas f. gordon,few_authors,-0.2344115989263833,paper presents formalization informal logic using carneades argumentation system cas formal computational model argument consists formal model argument graphs audiences conflicts pro con arguments resolved using proof standards preponderance evidence cas also formalizes argumentation schemes schemes used check whether given argument instantiates types argument deemed normatively appropriate type dialogue,iclp,year_2020_2021,-0.6441999584347234,multiagent systems negotiation,argumentation theory informal logic argument complex analysis argument map computer science epistemology theoretical computer science philosophy,3
counterfactual explanations plans,vaishak belle,single_author,-0.7778203055284539,considerable recent interest explainability ai especially blackbox machine learning models correctly observed planning community application hand singleshot decision prediction sequence actions depend observations richer notion explanations desirable brbrin paper look provide formal account counterfactual explanations based terms action sequences show naturally leads account model reconciliation might take form user correcting agents model suggesting actions agents plan need articulate true versus known appeal modal fragment situation calculus formalise intuitions consider various settings agent knowing partial truths weakened truths false beliefs show definitions easily generalize different settings,iclp,year_post_2024,0.5681320666638986,philosophy history science,counterfactual thinking psychology social psychology,1
declarative algorithms datalog extrema formal semantics simplified,jin wang jiacheng wu mingda li jiaqi gu ariyam das carlo zaniolo,many_authors,1.9392232274818992,abstract escalating arms race adopt machine learning ml diverse application domains urgent need support declarative machine learning distributed data platforms toward goal new framework needed users specify ml tasks manner programming decoupled underlying algorithmic system concerns paper argue declarative abstractions based datalog natural fits machine learning propose purely declarative ml framework datalog query interface show using aggregates recursive datalog programs entails concise expression ml applications providing strictly declarative formal semantics achieved introducing simple conditions semantics recursive programs guaranteed equivalent aggregatestratified ones provide specialized compilation planning techniques seminaive fixpoint computation presence aggregates optimization strategies effective diverse recursive programs distributed data platforms test demonstrate research advances developed powerful userfriendly system top apache spark extensive evaluations largescale datasets illustrate approach achieve promising performance gains improving programming flexibility ease development deployment ml applications,iclp,year_2018_2019,-1.8565319835333454,scientific computing data management,datalog computer science semantics computer science programming language declarative programming flexibility engineering operational semantics execution model artificial intelligence theoretical computer science programming paradigm inductive programming,3
planning scheduling digital health answer set programming,marco mochi,single_author,-0.7778203055284539,hospital world several complex combinatory problems solving problems important increase degree patients satisfaction quality care offered problems healthcare complex since solve several constraints different type resources taken account moreover solutions must evaluated small amount time ensure usability real scenarios plan propose solutions kind problems expanding already tested solutions modelling solutions new problems taking account literature using real data available solving kind problems important since european commission established general data protection regulation person right ask explanation decision taken ai without developing explainability methodologies usage ai based solvers eg based answer set programming limited thus another part research devoted study propose new methodologies explaining solutions obtained,iclp,year_2022_2023,-0.24008928340184937,logic reasoning knowledge,computer science usability scheduling production processes ask price set abstract data type plan archaeology health care nurse scheduling problem quality philosophy management science operations research job shop scheduling mathematical optimization humancomputer interaction schedule mathematics programming language,5
sorting strategies interactive conflict resolution asp,andre thevapalan gabriele kern-isberner,few_authors,-0.2344115989263833,answer set programs practice often subject change lead inconsistencies modified program due conflicts rules results derivation strongly complementary literals facilitate maintenance consistency answer set programs paper continue work recently presented framework implements interactive conflict resolution extending bodies conflicting rules suitable literals socalled lambdaextensions precisely present strategies choose lambdaextensions allow resolving several conflicts time order aims minimizing cognitive efforts particular present graphical representation connections conflicts possible solutions representation utilized efficiently guide user conflict resolution process displaying conflicts suggesting solutions suitable order,iclp,year_2022_2023,0.16402139163102464,logic reasoning knowledge,computer science conflict resolution set abstract data type representation politics consistency knowledge bases sorting process computing resolution logic order exchange theoretical computer science artificial intelligence programming language,2
restkb library commonsense knowledge dining restaurant,daniela inclezan,single_author,-0.7778203055284539,paper presents library commonsense knowledge restkb developed modular action language alm containing background knowledge relevant understanding restaurant narratives including stories describe exceptions normal unfolding scenarios highlight features kr languages must possess order able express pertinent knowledge expand action language alm needed show encoding knowledge base alm facilitates piecewise construction testing improves generality quality captured information comparison initial asp encoding knowledge base used system reasoning stereotypical activities evaluated restaurant domain,iclp,year_2018_2019,-1.4524213085004714,logic reasoning knowledge,generality action physics commonsense reasoning knowledge base commonsense knowledge quality philosophy modular design order exchange knowledgebased systems,3
nesyfold extracting logic programs convolutional neural networks,jens lehmann sebastian bader pascal hitzler,few_authors,0.30899710767568733,noabstract,iclp,year_2022_2023,0.16402139163102464,logic reasoning knowledge,computer science artificial neural network reuse simple philosophy artificial intelligence process computing machine learning propositional calculus programming language,5
interactive explanations conflict resolution via argumentative exchanges,antonio rago hengzhi li francesca toni,few_authors,0.30899710767568733,field explainable ai xai maturing calls interactive explanations outputs ai models growing stateoftheart predominantly focuses static explanations paper focus instead interactive explanations framed conflict resolution agents ie ai models andor humans leveraging computational argumentation specifically define argumentative exchanges axs dynamically sharing multiagent systems information harboured individual agents quantitative bipolar argumentation frameworks towards resolving conflicts amongst agents deploy axs xai setting machine human interact machines predictions identify assess several theoretical properties characterising axs suitable xai finally instantiate axs xai defining various agent behaviours eg capturing counterfactual patterns reasoning machines highlighting effects cognitive biases humans show experimentally simulated environment comparative advantages behaviours terms conflict resolution show strongest argument may always effective,kr,year_2022_2023,0.16402139163102464,multiagent systems negotiation,argumentative counterfactual thinking argumentation theory computer science argument complex analysis focus optics conflict resolution resolution logic artificial intelligence field mathematics data science epistemology sociology mathematics,3
probabilistic synthesis verification ltl finite traces,benjamin aminof linus cooper sasha rubin moshe y. vardi florian zuleger,many_authors,1.3958145208798287,study synthesis verification probabilistic models specifications finite traces probabilistic models formalized work markov chains markov decisions processes motivated recent attention given importance finitetrace specifications ai use lineartemporal logic finite traces specification formalism properties traces finite unbounded time horizons since bound time horizon markov chains generate infinite traces consider two possible semantics existential resp universal prefix semantics says finitetrace property holds resp every finite prefix trace types semantics study two computational problems verification problem given markov chain satisfy specification probability one synthesis problem find strategy one ensures markov decision process satisfies specification probability one provide optimal algorithms follow automatatheoretic approach prove complexity synthesis problem 2exptimecomplete semantics verification problem pspacecomplete universalprefix semantics expspacecomplete existentialprefix semantics,kr,year_post_2024,0.5681320666638986,dna biological computing,probabilistic logic computer science programming language artificial intelligence,3
nemo friendly versatile rule reasoning toolkit,alex ivliev lukas gerlach simon meusel jakob steinberg markus krötzsch,many_authors,1.3958145208798287,present nemo toolkit rulebased reasoning data processing emphasises robustness ease use nemos core scalable efficient mainmemory reasoner supports expressive extension datalog support datatypes existential rules aggregates stratified negation built around core versatile system libraries applications interfacing several data formats programming languages use progressive web application ide integration system description present toolkit discuss relevant application areas rulebased knowledge representation knowledge graph processing reasoner prototyping evaluation range tasks areas demonstrates nemos robust performance comparison stateoftheart rule engines,kr,year_post_2024,0.5681320666638986,artificial intelligence games,computer science programming language software engineering,4
computing universal plans partially observable multiagent path finding,fengming zhu fangzhen lin,few_authors,-0.2344115989263833,multiagent routing problems gained significant attention recently due wide range industrial applications ranging logistics warehouse automation indoor service robots conventionally modeled classical planning problems paper argue beneficial formulate universal planning problems particularly agents autonomous entities may encounter unforeseen situations therefore propose universal plans also known policies solution concept implement system based answer set programming asp compute given arbitrary twodimensional map profile goals group partially observable agents system translates problem configuration logic programs finds feasible universal plan agent mapping observations actions ensuring collisions agents use system conduct experiments obtain findings regarding types goal profiles environments lead feasible policies well feasibility may depend agents sensors also demonstrate users customize action preferences compute efficient policies even nearoptimal ones code available httpsgithubcomfernadoomapfasp,iclp,year_post_2024,0.9722427416967726,logic reasoning knowledge,computer science plan archaeology set abstract data type automation motion planning action physics robot answer set programming path computing routing electronic design automation mathematical optimization distributed computing operations research artificial intelligence mathematics engineering,1
correcting autonomous driving object detection misclassifications automated commonsense reasoning,keegan kimbrell wang tianhao feng chen gopal gupta,many_authors,0.852405814277758,autonomous vehicle av technology heavily researched sought yet sae level 5 avs available today marketplace contend overreliance machine learning technology main reason use automated commonsense reasoning technology believe help achieve sae level 5 autonomy paper show automated common sense reasoning technology deployed situations enough data samples available train deep learningbased av model handle certain abnormal road scenarios specifically consider two situations traffic signal malfunctioning intersection ii cars ahead slowing steering away due unexpected obstruction eg animals road show situations commonsense reasoningbased solution accurately detects traffic light colors obstacles correctly captured avs perception model also provide pathway efficiently invoking commonsense reasoning measuring uncertainty computer vision model using commonsense reasoning handle uncertain sce narios describe experiments conducted using carla simulator results obtained main contribution research show automated commonsense reasoning effectively corrects avbased object detection misclassifications hybrid models provide effective pathway improving av perception,iclp,year_post_2024,0.9722427416967726,autonomous vehicle technology safety,commonsense reasoning commonsense knowledge intersection aeronautics object grammar object detection perception machine vision,2
simple contrapositive assumptionbased argumentation partiallyordered preferences,ofer arieli jesse heyninck,few_authors,-0.2344115989263833,show assumptionbased argumentation frameworks based contrapositive logics partiallyordered preference functions provide solid platform argumentationbased reasoning two useful properties preference functions identified selectivity maxlowerboundedness extended forms attacks relations supported existsattacks forallattacks assure several desirable properties variety reasoning modes,kr,year_2022_2023,0.16402139163102464,multiagent systems negotiation,argumentation theory preference simple philosophy variety cybernetics computer science argumentation framework theoretical computer science mathematics artificial intelligence epistemology statistics philosophy,3
structural decompositions epistemic logic programs,markus hecher michael morak stefan woltran,few_authors,0.30899710767568733,epistemic logic programs elps popular generalization standard answer set programming asp providing means reasoning answer sets within language richer formalism comes price higher computational complexity reaching fourth level polynomial hierarchy however contrast standard asp dedicated investigations towards tractability undertaken yet paper give first results direction show central elp problems solved linear time elps exhibiting structural properties terms bounded treewidth also provide full dynamic programming algorithm adheres bounds finally show applying treewidth novel dependency structuregiven terms epistemic literalsallows bound number asp solver calls typical elp solving procedures,iclp,year_2020_2021,-1.0483106334675973,logic reasoning knowledge,treewidth answer set programming formalism music solver computer science bounded function theoretical computer science declarative programming epistemic modal logic true quantified boolean formula mathematics logic programming polynomial hierarchy computational complexity theory programming language description logic algorithm inductive programming programming paradigm multimodal logic pathwidth,2
expaspc explaining asp programs choice atoms constraint rules,ly ly trieu tran cao son marcello balduccini,few_authors,0.30899710767568733,present enhancement expasp system generates explanation graphs literal l atom default negation given answer set normal logic program p explain l true false given p new system expaspc differs expasp supports choice rules utilizes constraint rules provide explanation graphs include information choices constraints,iclp,year_2020_2021,-0.6441999584347234,logic reasoning knowledge,negation literal mathematical logic constraint computeraided design set abstract data type computer science atom system chip programming language theoretical computer science discrete mathematics combinatorics mathematics,5
conditional splittings belief bases nonmonotonic inference crepresentations,christoph beierle lars-phillip spiegel jonas haldimann marco wilhelm jesse heyninck gabriele kern-isberner,many_authors,1.9392232274818992,concept conditional syntax splitting inductive inference conditional belief bases proposed generalization syntax splitting also covers cases conditionals subbases share atoms pentailment system z fail satisfy conditional syntax splitting two inductive inference operators lexicographic inference system w shown satisfy property paper introduce concept conditional semantic splitting show crepresentations satisfy core postulate relating conditional splittings syntax semantic level based findings investigate conditional syntax splitting nonmonotonic inference crepresentations regarding single crepresentations utilize concept selection strategies show straightforward property selection strategy leads inference operators satisfying conditional syntax splittings furthermore show cinference taking crepresentations belief base account also fully complies conditional syntax splitting,kr,year_post_2024,0.5681320666638986,logic reasoning knowledge,inference computer science belief revision artificial intelligence natural language processing cognitive science theoretical computer science psychology,1
towards structure learning credal semantics,derek shiller,single_author,-0.7778203055284539,paper offers noncognitivist characterization moral attitudes according moral attitudes count inclusion moral concepts moral concepts distinguished contribution functional roles attitudes occur particular functional role attitudes instead viewed evolutionary spandrels order make counterintuitive implications view palatable paper ends account evolution normative judgments exaptations cognitive structures underlie beliefs,iclp,year_2020_2021,-1.0483106334675973,language metaphor cognition,exaptation recipe semantics computer science philosophy epistemology psychology linguistics sociology computer science geology history programming language archaeology paleontology,1
proceedings 9th workshop advances argumentation artificial intelligence ai3 2025 colocated 41st international conference logic programming iclp 2025 rende italy september 13 2025,josé júlio alferes luís moniz pereira,few_authors,-0.2344115989263833,noabstract,iclp,year_post_2024,0.9722427416967726,logic reasoning knowledge,falsity semantics computer science computer science stable model semantics negation wellfounded semantics argumentation theory set abstract data type theoretical computer science operational semantics programming language denotational semantics epistemology,1
tractable logic molecular biology,adrien husson jean krivine,few_authors,-0.2344115989263833,introduce logic knowledge representation reasoning proteinprotein interactions modulo theory formulas describe protein structures dynamic changes composed order add remove static dynamic observations secondorder circumscription operator enables nonmonotonic reasoning changes implied formula introduce deduction rules produce formulas equivalence firstorder fragment decidable satisfiability validity importantly rules produce circumscribed formulas,iclp,year_2018_2019,-1.4524213085004714,biomedical text mining ontologies,circumscription decidability nonmonotonic logic fragment logic satisfiability representation politics automated reasoning satisfiability modulo theories knowledge representation reasoning,3
cognitively adequate complexity reasoning description logic,f. m. donini,single_author,-0.7778203055284539,present lower bounds computational complexity satisfiability subsumption several description logics interpret lower bounds coming different sources complexity isolate one one consider reasoning simple concept expressions underlying tbox discuss also complexity instance check simple aboxes tried enhance clarity ease presentation sometimes sacrificing exhaustiveness lack space complexity reasoning one major issues development description logics dl logics conceived brachman levesque 1984 formal specification subsystems representing knowledge used larger knowledgebased systems since using knowledge means,kr,year_2022_2023,0.16402139163102464,semantic web ontologies,satisfiability simple philosophy clarity computer science theoretical computer science computational complexity theory presentation obstetrics boolean satisfiability problem artificial intelligence algorithm epistemology,3
analysis gibbs sampling probabilistic logic programs,noauthor,no_author,-1.3212290121305246,noabstract,iclp,year_2020_2021,-1.0483106334675973,logic reasoning knowledge,probabilistic logic computer science programming language artificial intelligence,2
rule based temporal inference,fangyi li qiang shen,few_authors,-0.2344115989263833,noabstract,iclp,year_2016_2017,-2.2606426585662196,fuzzy logic control systems,fuzzy inference computer science inference artificial intelligence fuzzy inference system data mining fuzzy logic mathematics adaptive neuro fuzzy inference system fuzzy control system,5
janus system multiparadigm programming prolog python,theresa swift carl andersen,few_authors,-0.2344115989263833,python prolog express different programming paradigms different strengths python wildly popular wellstructured easy use mixes well thousands scientific machine learning programs written c prologs logicbased approach provides powerful reasoning capabilities especially combined constraint evaluation probabilistic reasoning wellfounded negation advances languages commonalities well usually written c dynamically typed use data structures based small number recursive types paper describes design implementation janus system tightly combines prolog python single process janus bitranslates data structures offers performance many hundreds thousands roundtrip interlanguage calls per second although janus still new used commercial applications including natural language processing visual query answering robotic automation janus developed xsb porting janus code second prolog straightforward indicating janus tool prologs may easily adopt,iclp,year_2022_2023,0.16402139163102464,software engineering research,prolog programming language computer science janus python programming language logic programming constraint programming artificial intelligence theoretical computer science,1
value information probabilistic logic programs,sarthak ghosh c. r. ramakrishnan,few_authors,-0.2344115989263833,medical decision making choose among several expensive diagnostic tests certainty patients health maximized remaining within bounds resources like time money expected increase certainty patients condition due performing test called value information voi test general voi relates acquiring additional information improve decisionmaking based probabilistic reasoning uncertain system paper presents framework acquiring information based voi uncertain systems modeled probabilistic logic programs plps optimal decisionmaking uncertain systems modeled plps already studied acquiring additional information improve results making optimal decision remained open context model decisionmaking uncertain system plp set toplevel queries set utility measures distributions queries plp annotated set atoms labeled observable medical diagnosis example observable atoms results diagnostic tests observable atom associated cost setting optimally selecting observations based voi general considered prior work given limited budget optimally choosing observable atoms based voi intractable general give greedy algorithm constructing conditional plan observations schedule selection atom observe next depends earlier observations show preempting algorithm anytime completion provides usable result result improves time absence welldefined budget converges optimal solution,iclp,year_2018_2019,-1.4524213085004714,bayesian modeling causal inference,probabilistic logic computer science observable certainty context archaeology set abstract data type value information schedule mathematical optimization artificial intelligence mathematics,5
axiomatization approximate exclusion,matilda häggblom,single_author,-0.7778203055284539,define axiomatize approximate exclusion atoms team semantic setting team set assignments seen mathematical model unirelational database say approximate exclusion atom satisfied team corresponding usual exclusion atom satisfied large enough subteam consider implication problem set approximate exclusion atoms show axiomatizable consequences degree approximation large prove completeness theorem usual exclusion atoms currently missing literature generalize approximate case also provide polynomial time algorithm implication problems results also applied exclusion dependencies database theory,kr,year_post_2024,0.5681320666638986,advanced graph theory research,computer science,1
ltl synthesis multiagent environment assumptions,benjamin aminof giuseppe de giacomo giuseppe perelli sasha rubin,many_authors,0.852405814277758,investigate ltl synthesis structured assumptions environment setting environment viewed protagonist collection peer agents acting together shared world contrast symmetrical frameworks typically studied multiagent systems take strikingly asymmetric firstperson perspective protagonist ascribes specification peer agents world capturing understanding possible strategies show setting ltl synthesis computational complexity standard ltl synthesis ie 2exptimecomplete establish via sophisticated yet fully implementable argument builds notion traces compatible strategies use fact basic specification world agent given ltl sets traces compatible strategies describing behaviors agents omegaregular enables use wordautomata rather complicated treeautomata,kr,year_post_2024,0.9722427416967726,formal methods verification,argument complex analysis perspective graphical contrast vision linear temporal logic temporal logic possible world,1
towards oneshot learning text classification using inductive logic programming,ghazal afroozi milani daniel cyrus alireza tamaddoni-nezhad,few_authors,0.30899710767568733,everincreasing potential ai perform personalised tasks becoming essential develop new machine learning techniques dataefficient require hundreds thousands training data paper explore inductive logic programming approach oneshot text classification particular explore framework metainterpretive learning mil along using commonsense background knowledge extracted conceptnet results indicate mil learn text classification rules small number training examples moreover higher complexity chosen examples higher accuracy outcome,iclp,year_2022_2023,0.16402139163102464,imbalanced data classification techniques,inductive logic programming computer science shot pellet artificial intelligence machine learning natural language processing,4
scasp inbrowser playground based ciao prolog,daniela ferreiro josé f. morales salvador abreu manuel v. hermenegildo,many_authors,0.852405814277758,active logic documents ald web pages incorporate embedded prolog engines run locally within browser ald offers easy way add clicktorun capabilities kind teaching materials independently tool used generate well toolset generating webbased materials embedded examples exercises leverage components ciao prolog playground present demonstration ald approach ciao prolog playground well recent extension alds facilitate integration tools system creating hybrid active logic documents hald also present concrete application technologies creation tutorials program verification tool,iclp,year_2022_2023,-0.24008928340184937,logic programming type systems,prolog computer science logic programming programming language extension predicate logic,1
machine learning guided rewriting approach asp logic programs,elena mastria jessica zangari simona perri francesco calimeri,many_authors,0.852405814277758,answer set programming asp declarative logic formalism allows encode computational problems via logic programs despite declarative nature formalism advanced expertise required general designing asp encoding efficiently evaluated actual asp system common way trying reduce burden manually tweaking asp program consists automatically rewriting input encoding according suitable techniques producing alternative yet semantically equivalent asp programs however rewriting always grant benefits terms performance hence proper means needed predicting effects respect paper describe approach based machine learning ml automatically decide whether rewrite particular given asp program set input facts approach chooses whether rewrite input rules based set features measuring structural properties domain information end multilayer perceptrons model trained guide asp grounder idlv rewriting input rules report discuss results experimental evaluation prototypical implementation,iclp,year_2020_2021,-1.0483106334675973,logic reasoning knowledge,rewriting answer set programming computer science programming language tweaking formalism music logic program logic programming set abstract data type artificial intelligence theoretical computer science,5
lucky know way probabilistic approach knowing logics,pablo f. castro pedro r. d'argenio raul fervari,few_authors,0.30899710767568733,introduce probabilistic version knowinghow modal logics precisely logics extend extant approaches model ability agent achieve given goal certain probability semantic side enrich models logic probability distributions agents actions investigate different languages describe structures first consider probabilistic version linear planbased logic knowing discuss properties consider indistinguishability classes obtain two logics one nonadaptative plans another adaptative plans cases investigate computational complexity modelchecking problem obtaining undecidability results first second logic last one problem decidable polynomial time also explore semantics new logics nonprobabilistic models compare original nonprobabilistic ones,kr,year_post_2024,0.9722427416967726,logic reasoning knowledge,probabilistic logic decidability semantics computer science description logic accessibility relation normal modal logic modal logic probabilistic argumentation probabilistic ctl tnorm fuzzy logics,5
probabilistic action language pbc,joohyung lee yi wang,few_authors,-0.2344115989263833,present probabilistic extension action language bc like bc defined highlevel notation answer set programs describing transition systems proposed language call pbc defined highlevel notation lpmln programsa probabilistic extension answer set programs show probabilistic reasoning transition systems prediction postdiction planning problems well probabilistic diagnosis dynamic domains modeled pbc computed using implementation lpmln,iclp,year_2018_2019,-1.8565319835333454,logic reasoning knowledge,probabilistic logic notation extension predicate logic computer science set abstract data type probabilistic relevance model action physics theoretical computer science programming language artificial intelligence probabilistic analysis algorithms mathematics arithmetic,1
finest syntax splittings ranking functions total preorders worlds,jonas philipp haldimann christoph beierle,few_authors,-0.2344115989263833,notion syntax splitting initially introduced parikh belief sets one key observation every belief set unique finest syntax splitting ie syntax splitting refines every syntax splitting belief set later notion syntax splitting extended ranking functions total preorders worlds tpos two common models belief states context iterated belief revision paper prove ranking functions also unique finest syntax splittings ie every ranking function syntax splitting refines syntax splittings ranking function using show syntax splittings ranking function exactly coarsenings finest splitting tpos show contrast ranking functions coarsening syntax splitting tpo necessarily syntax splitting despite prove every tpo unique finest syntax splitting refines syntax splittings tpo,kr,year_2022_2023,0.16402139163102464,logic reasoning knowledge,syntax ranking information retrieval abstract syntax function biology computer science syntax error set abstract data type iterated function mathematics artificial intelligence programming language mathematical analysis,1
tracecs hybrid logicllm system explainable course scheduling,stylianos loukas vasileiou william yeoh,few_authors,-0.2344115989263833,present tracecs novel hybrid system combines logical reasoning large language models llms address contrastive queries course scheduling problems tracecs leverages logicbased techniques encode scheduling constraints generate provably correct explanations utilizing llm process natural language queries refine logical explanations userfriendly responses system showcases combining symbolic kr methods llms creates explainable ai agents balance logical correctness natural language accessibility addressing fundamental challenge deployed scheduling systems,kr,year_post_2024,0.9722427416967726,multimodal machine learning applications,correctness scheduling production processes natural language logical conjunction encode logical consequence,5
proofrelevant resolution elaboration programming languages,axel kerinec giulio manzonetto federico olimpieri,few_authors,0.30899710767568733,relational models calculus presented type systems relational interpretation term given set typings within distributorsinduced bicategorical semantics generalizing relational one identify class categorified graph models show presented type systems well prove models living class satisfy approximation theorem stating interpretation program corresponds filtered colimit denotations approximants relational case quantitative nature models allows prove property via simple induction rather using impredicative techniques unlike relational models 2dimensional graph models also proofrelevant sense interpretation term contain typings whole type derivations additional information carried type derivation permits reconstruct approximant type environment obtain characterization theory induced categorified graph models simple corollary approximation theorem two terms isomorphic interpretations exactly bohm trees coincide,iclp,year_2018_2019,-1.8565319835333454,logic programming type systems,mathematical proof corollary type theory interpretation philosophy type biology class philosophy mathematics relational calculus simple philosophy algebra field term time graph computer science pure mathematics discrete mathematics calculus dental relational model relational database artificial intelligence programming language,2
controlled natural language models,francis frydman,single_author,-0.7778203055284539,large language models llms demonstrated logical reasoning abilities inferences remain nontraceable lack formal guarantees introduce exalm controlled natural language cnl interface llms firstorder logic solvers based controlled natural language approach aims create explicit verifiable interpretable bridge text formal logic relies three main components 1 reformulation prompt constrains llm produce set facts rules cnl 2 semantic analyzer exasem translating cnl prolog program made extended horn clauses 3 logic engine exalog integrates secondorder metainterpreter capable inferring ontological properties evaluate exalm three standard benchmarksprontoqa proofwriter foliocomparing gpt4 gpt4o logiclm linc results show exalm matches exceeds recent neurosymbolic systems providing full traceability reasoning intrinsic explainability folio exalm achieves 929 accuracy 105 point gain gpt4o chainofthought approach demonstrates feasibility transparent neurosymbolic reasoning pipeline llms produce direct inferences formally controlled linguistic representations exalm opens way neurosymbolic architectures safer verifiable extensible ultimately integrating hypothetical abductive inductive reasoning program data publicly available httpsgithubcomffrydmanexalm,iclp,year_post_2024,0.5681320666638986,explainable artificial intelligence xai,automated reasoning natural language horn clause prolog description logic abductive reasoning datalog bridge graph theory natural language understanding deductive reasoning,4
pushing boundaries tractable multiperspective reasoning deduction calculus standpoint el,lucía gómez álvarez sebastian rudolph hannes strass,few_authors,0.30899710767568733,standpoint el multimodal extension popular description logic el allows integrated representation domain knowledge relative diverse standpoints perspectives advantageously satisfiability problem recently shown ptime making promising framework largescale knowledge integration paper show push expressivity formalism arriving extended logic called standpoint el allows axiom negation role chain axioms selfloops features maintaining tractability achieved designing satisfiabilitychecking deduction calculus time addresses need practical algorithms demonstrate feasibility calculus presenting prototypical datalog implementation deduction rules,kr,year_2022_2023,0.16402139163102464,semantic web ontologies,axiom negation computer science satisfiability modal logic description logic formalism music situation calculus knowledge representation reasoning datalog boolean satisfiability problem theoretical computer science calculus dental programming language mathematics modal artificial intelligence,1
extended magic negation efficient demanddriven evaluation stratified datalog precise complexity guarantees,k. tuncay tekle yanhong a. liu,few_authors,-0.2344115989263833,given set datalog rules facts query answers query inferred bottomup starting facts topdown starting query efficiency topdown evaluation extended memoization inferred facts bottomup evaluation performed transformations make rules driven demand query prior work shown precise complexity analysis relationships however datalog extended even stratified negation simple universally accepted semantics transformations make rules demanddriven may result nonstratified negation many complex semantics evaluation methods paper presents 1 simple extension demand transformation transformation make rules demanddriven datalog without negation support stratified negation 2 simple extension optimal bottomup evaluation method datalog stratified negation handle nonstratified negation resulting rules show method provides precise complexity guarantees also optimal facts needed topdown evaluation query inferred firing rule infer fact takes worstcase constant time extend precise relationship topdown evaluation demanddriven bottomup evaluation datalog stratified negation finally show experimental results performance well applications previously challenging examples,iclp,year_2018_2019,-1.4524213085004714,semantic web ontologies,datalog extension predicate logic negation simple philosophy semantics computer science deductive database set abstract data type logic programming program transformation,3
logic programming machine ethics,luís moniz pereira ari saptawijaya,few_authors,-0.2344115989263833,noabstract,iclp,year_2020_2021,-1.0483106334675973,logic reasoning knowledge,counterfactual conditional counterfactual thinking probabilistic logic event particle physics computer science semantics computer science artificial intelligence logic programming epistemology programming language philosophy,1
explainable trustworthy traffic sign detection safe autonomous driving inductive logic programming approach,zahra chaghazardi saber fallah alireza tamaddoni-nezhad,few_authors,0.30899710767568733,traffic sign detection critical task operation autonomous vehicles av ensures safety road users current dnnbased sign classification systems rely pixellevel features detect traffic signs susceptible adversarial attacks attacks involve small imperceptible changes sign cause traditional classifiers misidentify sign propose inductive logic programming ilp based approach stop sign detection avs address issue method utilises highlevel features sign shape colour text detect categories traffic signs approach robust adversarial attacks mimics humanlike perception less susceptible limitations current dnn classifiers consider two adversarial attacking methods evaluate approach robust physical perturbation pr2 adversarial camouflage advcam attacks able deceive dnn classifiers causing misidentify stop signs signs high confidence results show proposed ilpbased technique able correctly identify targeted stop signs even presence pr2 advcam attacks proposed learning method also efficient requires minimal training data moreover fully explainable making possible debug avs,iclp,year_2022_2023,0.16402139163102464,adversarial robustness machine learning,computer science adversarial system sign mathematics debugging artificial intelligence camouflage traffic sign trustworthiness machine learning computer security mathematics,1
equilibrium description logics results complexity relations circumscription,federica di stefano mantas šimkus,few_authors,-0.2344115989263833,recently equilibrium description logics edls suggested promising new approach description logics dls nonmonotonic default negation however deeper understanding edls terms computational complexity relations formalisms still missing motivated paper investigate computational complexity reasoning edls case expressive dls like alcio lightweight dls el dllite families establish translation edls dls circumscription introducing extension circumscribed dls set axioms attached circumscribed kbs filter unintended minimal models translation applies case classical circumscription extended recently introduced pointwise circumscribed dls introduce pointwise edls single global minimality check models replaced local minimality checks single domain elements style pointwise circumscription provide preliminary results computational complexity reasoning pointwise edls particular via translation pointwise circumscription inherit decidability results pointwise circumscribed dls furthermore show large class acyclic ontologies edls pointwise edls accept set stable models aim identify class ontologies circumscription pointwise circumscription accept set minimal models providing new decidability results circumscribed dls even presence minimized fixed roles,kr,year_post_2024,0.5681320666638986,advanced algebra logic,circumscription computer science artificial intelligence,1
model revision logical regulatory networks using logicbased tools,svetlana bulashevska,single_author,-0.7778203055284539,chapter describes model genetic regulatory interactions model boolean logic semantics representing cooperative influence regulators activators inhibitors expression gene model probabilistic one hence allowing statistical learning infer genetic interactions microarray gene expression data bayesian approach model inference employed enabling flexible definitions priori probability distributions model parameters markov chain monte carlo mcmc simulation technique gibbs sampling used facilitate bayesian inference problem identifying actual regulators gene high number potential regulators considered bayesian variable selection task strategies definition parameters reducing parameter space efficient mcmc sampling methods matter current researchrequest access librarian read chapters full text,iclp,year_2018_2019,-1.8565319835333454,gene expression cancer classification,markov chain monte carlo computer science gibbs sampling bayesian inference inference bayesian network artificial intelligence machine learning bayesian probability variableorder bayesian network data mining,4
tool set converting controlled natural languages ai formalisms,noauthor,no_author,-1.3212290121305246,noabstract,iclp,year_post_2024,0.9722427416967726,notopic,computer science,5
logical lease litigation prolog llms rental law compliance new york,sanskar sehgal yanhong a. liu,few_authors,-0.2344115989263833,legal cases require careful logical reasoning following laws whereas interactions nontechnical users must natural language application combining logical reasoning using prolog natural language processing using large language models llms paper presents novel approach system logiclease automate analysis landlordtenant legal cases state new york logiclease determines compliance relevant legal requirements analyzing case descriptions citing relevant laws leverages llms information extraction prolog legal reasoning separating information extraction legal reasoning logiclease achieves greater transparency control legal logic applied case evaluate accuracy efficiency robustness logiclease series tests achieving 100 accuracy average processing time 257 seconds logiclease presents advantages stateoftheart llmbased legal analysis systems providing clear stepbystep reasoning citing specific laws distinguishing ability avoid hallucinations common issue llms,iclp,year_post_2024,0.5681320666638986,legal systems judicial processes,lease compliance psychology prolog renting law law economics political science business economics psychology computer science programming language social psychology,3
threevalued semantics typed logic programming,joão barbosa mário florido vítor santos costa,few_authors,0.30899710767568733,types logic programming focused conservative approximations program semantics regular types one hand type systems based prescriptive semantics defined typed programs paper define new semantics logic programming programs evaluate true false new semantic value called wrong corresponding runtime type error type language separated semantics types finally define type system logic programming prove semantically sound respect semantic relation programs types program type semantics wrong work follows milners approach typed functional languages semantics programs independent semantic types type system proved sound respect relation semantics,iclp,year_2018_2019,-1.4524213085004714,logic programming type systems,wellfounded semantics denotational semantics operational semantics stable model semantics logic programming semantics computer science action semantics axiomatic semantics game semantics,5
beyond traditional neural networks toward adding reasoning learning capabilities computational logic techniques,andrea rafanelli,single_author,-0.7778203055284539,deep learning dl models become popular solving complex problems limitations need highquality training data lack transparency robustness issues neurosymbolic ai emerged promising approach combining strengths neural networks symbolic reasoning symbolic knowledge injection ski techniques popular method incorporate symbolic knowledge subsymbolic systems work proposes solutions improve knowledge injection process integrate elements ml logic multiagent systems mas,iclp,year_2022_2023,0.16402139163102464,machine learning healthcare,computer science artificial intelligence artificial neural network robustness evolution transparency behavior machine learning deep learning process computing programming language,5
less manual work safety engineers towards automated safety reasoning safety patterns,yuri gil dantas antoaneta kondeva vivek nigam,few_authors,0.30899710767568733,development safetycritical systems requires control hazards potentially cause harm end safety engineers rely development phase architectural solutions called safety patterns safety monitors voters watchdogs goal patterns control identified faults trigger hazards safety patterns control faults eg increasing redundancy system currently reasoning pattern use part target system control hazard documented mostly textual form means models gsnmodels limited support automation paper proposes use logic programming engines automated reasoning system safety propose domainspecific language embedded system safety specify disjunctive logic programs reasoning principles used safety engineers deploy safety patterns eg use safety monitors watchdogs machinery enables two types automated safety reasoning 1 identification hazards controlled ones controlled existing safety patterns 2 automated recommendation patterns could used place system control potential hazards finally apply machinery two examples taken automotive domain adaptive cruise control system battery management system,iclp,year_2020_2021,-1.0483106334675973,safety systems engineering autonomy,system safety hazard analysis computer science automation safety engineering hazard redundancy engineering safety assurance cruise control risk analysis engineering control management software engineering engineering systems engineering reliability engineering artificial intelligence,1
efficient compliance computation probabilistic declarative specifications,jeongwoon choi jungyeon kim seokho chi,few_authors,0.30899710767568733,jatspensuring compliance construction specifications essential maintaining quality safety project current manual review processes timeconsuming laborintensive automate process specifications must first digitalized computers read process consistently research proposes twophase digitalization methodology transforming natural language specifications structured digital formats two main phases include 1 designing digital specification representations 2 automating digitalization process design phase categorizes specification clauses four types ie general requirements interpretive provisions compliance criteria contextual guidelines represents two complementary representation strategies ie structured checklists descriptive clauses ifthen rules quantitative clauses digitalization phase comprises text preprocessing clause classification using finetuned language model generation digital specifications using generative model experiments conducted korean construction specification documents containing 7145 clauses classification achieved f1score 0862 generated outputs achieved bertscore 0791 expertcreated reference results confirm large language models generate digital specifications sufficient semantic structural logical consistency direct use fieldlevel compliance checkingjatsp,iclp,year_post_2024,0.5681320666638986,bim construction integration,consistency knowledge bases process computing quality philosophy representation politics specification language natural language formal specification compliance psychology,3
unique characterisability learnability temporal queries mediated ontology,jean christoph jung vladislav ryzhikov frank wolter michael zakharyaschev,many_authors,0.852405814277758,algorithms learning database queries examples unique characterisations queries examples prominent starting points developing automated support query explanation construction investigate far recent results techniques learning unique characterisations atemporal queries mediated ontology extended temporal data queries based systematic review relevant approaches atemporal case obtain general transfer results identifying conditions temporal queries composed atemporal ones polynomially learnable uniquely characterisable,kr,year_post_2024,0.5681320666638986,semantic web ontologies,learnability computer science ontology information retrieval natural language processing artificial intelligence epistemology philosophy,4
operatorbased semantics choice programs choosing losing,jesse heyninck,single_author,-0.7778203055284539,choice constructs important part language logic programming yet study semantics challenging task far twovalued semantics studied different proposals semantics compared principled way paper operatorbased framework allow definition comparison different semantics principled way proposed,kr,year_post_2024,0.5681320666638986,digital platforms economics,computer science semantics computer science operator biology programming language operational semantics theoretical computer science,3
scalable robotic intralogistics answer set programming,michael gelfond,no_author,-1.3212290121305246,far used asp knowledge bases get information truth falsity statements find objects satisfying simple properties types tasks normally performed database systems even though languages ability express recursive definitions methodology representing defaults various forms incomplete information gave us additional power allowed us construct rich elaborationtolerant knowledge bases types queries essentially remained databases,iclp,year_2018_2019,-1.8565319835333454,logic reasoning knowledge,set abstract data type answer set programming computer science programming language,2
semantic analysis assurance cases using scasp,alistair duke,single_author,-0.7778203055284539,chapter describes approach support operational support system oss integration across organisation boundaries requirement businesstobusiness b2b interfaces expected increase need carry integration much flexible way existing approaches integration tend implementation specific operate syntactic level realised programme code consequently inflexible due highly coupled nature costly setup maintain approach decouple b2b interfaces introduced allows flexibly coupled required use scalable semantic mediation initial prototype described based assurance integration scenario bt wholesales b2b gateway,iclp,year_2022_2023,0.16402139163102464,serviceoriented architecture web services,computer science service business scalability software engineering integration platform system integration process management systems engineering database engineering business,3
computational thinking logic programming,robert kowalski,no_author,-1.3212290121305246,additional chapter provides technical support abductive logic programming alp basis computational logic used book alp uses abduction explain observations generate plans action,iclp,year_post_2024,0.5681320666638986,logic reasoning knowledge,abductive reasoning logic programming computer science programming language artificial intelligence,4
complexity abduction ukasiewicz logic,katsumi inoue daniil kozhemiachenko,few_authors,-0.2344115989263833,explore problem explaining observations contexts involving statements truth degrees lift loaded symptoms severe etc formalise contexts consider infinitelyvalued ukasiewicz fuzzy logic define motivate notions abduction problems explanations language ukasiewicz logic expanded interval literals form pc pc negations express set values variable analyse complexity standard abductive reasoning tasks solution recognition solution existence relevance necessity hypotheses ukasiewicz logic case full language case theories containing disjunctive clauses show contrast classical propositional logic abduction clausal fragment lower complexity general case,kr,year_post_2024,0.9722427416967726,advanced algebra logic,negation propositional calculus abductive reasoning propositional variable wellformed formula fragment logic autoepistemic logic relevance law zerothorder logic set abstract data type,2
leasing cloudedge continuum la carte,stefano forti ahmad ibrahim antonio brogi,few_authors,0.30899710767568733,nextgen computing paradigms foresee deploying applications virtualised resources along continuum cloudedge nodes much literature focussed place applications onto resources meet requirements lease resources application operators infrastructure providers need identify portion cloudedge assets meet set requirements article proposes novel declarative resource selection strategy prototyped prolog determine suitable infrastructure portion satisfies requirements proposal showcased lifelike scenario,iclp,year_2022_2023,0.16402139163102464,cloud computing resource management,cloud computing computer science prolog lease enhanced data rates gsm evolution edge computing set abstract data type resource disambiguation software engineering distributed computing operating system computer network programming language telecommunications business,1
logicbased framework database repairs,nicolas fröhlich arne meier nina pardal jonni virtema,many_authors,0.852405814277758,introduce general abstract framework database repairs repair notions defined using formal logic distinguish integrity constraints socalled query constraints former used model consistency desirable properties data functional dependencies independencies latter relate two database instances according answers query constraints framework allows distinction hard soft queries allowing answers core set queries preserved well defining distance instances based query answers illustrate different repair notions literature modelled framework framework generalises setbased cardinality based repairs semiring annotated databases finally initiate complexitytheoretic analysis consistent query answering checking existence repair setting,kr,year_post_2024,0.9722427416967726,advanced database systems queries,consistency knowledge bases semiring view set abstract data type query language core optical fiber data integrity cardinality data modeling functional dependency,3
memory management resourcebounded agents,valentina pitoni,single_author,-0.7778203055284539,artificial intelligence multi agent systems constitute interesting typology society modeling regard vast fields application extend human sciences logic often used model kind systems easier verify explainability validation reason tried manage agents memory extending previous work inserting concept time,iclp,year_2018_2019,-1.4524213085004714,logic reasoning knowledge,computer science typology artificial intelligence bounded function complex system knowledge management data science cognitive science management science engineering sociology mathematics psychology,1
advances logicbased entity resolution enhancing aspen local merges optimality criteria,zhiliang xiang meghyn bienvenu gianluca cima víctor gutiérrez-basulto yazmín ibáñez-garcía,many_authors,1.3958145208798287,paper present aspen extends existing aspbased system aspenfor collective entity resolution two important functionalities support local merges new optimality criteria preferred solutions indeed aspen supports socalled global merges entityreferring constants eg author ids occurrences matched constants treated equivalent merged accordingly however argued resolving data values local merges often appropriate eg instances j lee may refer joy lee others matched jake lee addition allowing local merges aspen offers new optimality criteria selecting solutions minimizing rule violations maximising number rules supporting merge main contributions thus 1 formalisation computational analysis various notions optimal solution 2 extensive experimental evaluation realworld datasets demonstrating effect local merges new optimality criteria accuracy runtime,kr,year_post_2024,0.9722427416967726,data quality management,resolution logic constant computer programming optimality criterion relation database component thermodynamics,5
modeling administrative discretion using goaldirected answer set programming,joaquín arias mar moreno-rebato jose a. rodriguez-garcía sascha ossowski,many_authors,0.852405814277758,noabstract,iclp,year_2022_2023,-0.24008928340184937,logic reasoning knowledge,computer science ambiguity prolog logic programming programming language predicate mathematical logic discretion software engineering predicate abstraction set abstract data type model checking law,5
asp multishot encoding aircraft routing maintenance planning problem,pierre tassel mohamed rbaia,few_authors,-0.2344115989263833,noabstract,iclp,year_2020_2021,-1.0483106334675973,logic reasoning knowledge,programming language computer science software engineering,3
acceptance rejection abstract argumentation,anne-marie heine markus ulbricht,few_authors,-0.2344115989263833,dynamic reasoning environments among key aspects formal argumentation research presumably best understood problem socalled enforcement problem asks generally speaking whether given argumentation framework modified way certain desired outcome ensured however enforcement research primarily focuses acceptance arguments sets thereof paper aims explore dual problem investigates means reject certain unreasonable viewpoints achieve use labelling semantics abstract argumentation frameworks afs since provide clearly defined notion rejection consider different kinds updates given af provide results existence well minimality syntactic semantic changes latter define new concept consensus preservation formalizing intuition formerly acceptable opinions remain acceptable adapted framework lastly discuss two notions minimizing change interact,kr,year_post_2024,0.5681320666638986,logic reasoning knowledge,argumentation theory computer science epistemology philosophy,5
aspbased nurse scheduling system university yamanashi hospital,hidetomo nabeshima mutsunori banbara torsten schaub takehide soh,many_authors,0.852405814277758,present design principles nurse scheduling system built using answer set programming asp successfully deployed university yamanashi hospital nurse scheduling complex optimization problem requiring reconciliation individual nurse preferences hospital staffing needs across various wards involves balancing hard soft constraints flexibility interactive adjustments extensively studied academia realworld nurse scheduling presents unique challenges go beyond typical benchmark problems competitions paper details practical application asp address challenges university yamanashi hospital focusing insights gained advancements asp technology necessary effectively manage complexities realworld deployment,iclp,year_post_2024,0.9722427416967726,pharmacy medical practices,staffing nurse scheduling problem scheduling production processes job shop scheduling flexibility engineering university hospital,3
controlled natural languages knowledge representation reasoning,len schubert moderator,single_author,-0.7778203055284539,noabstract,iclp,year_2016_2017,-2.6647533335990934,semantic web ontologies,computer science natural language natural language processing natural language understanding artificial intelligence inference sentence vagueness knowledge representation reasoning predicate mathematical logic indexicality ambiguity linguistics fuzzy logic programming language,5
towards static performance guarantees programs runtime checks,maximiliano klemen nataliia stulova pedro lópez-garcía josé morales manuel v. hermenegildo,many_authors,1.3958145208798287,instrumenting programs performing runtime checking properties regular shapes common useful technique helps programmers detect incorrect program behaviors specially true dynamic languages prolog however runtime checks inevitably introduce runtime overhead execution time memory energy etc several approaches proposed reducing overhead eliminating checks statically proved always succeed andor optimizing way remaining checks performed however cases possible remove checks statically eg open libraries must check interfaces complex properties unknown code etc even optimizations remaining checks may still introduce unacceptable level overhead thus important programmers able determine additional cost due runtime checks compare notion admissible cost common practice used estimating runtime checking overhead profiling exhaustive nature instead propose method uses static analysis estimate overhead advantage estimations functions parameterized input data sizes unlike profiling approach provide guarantees possible execution traces allows assessing overhead grows size input grows method also extends existing assertion verification framework express admissible overheads statically automatically checks whether instrumented program conforms specifications finally present experimental evaluation approach suggests method feasible promising,iclp,year_2018_2019,-1.8565319835333454,logic programming type systems,computer science overhead engineering profiling computer programming static analysis runtime verification assertion parameterized complexity programming language symbolic execution program analysis debugging parallel computing software algorithm formal verification,1
theory solving made easy clingo 5,kim mccarron,single_author,-0.7778203055284539,noabstract,iclp,year_2016_2017,-2.6647533335990934,respiratory coughrelated research,bronchospasm medicine anesthesia intensive care medicine internal medicine asthma,5
explaining agent behaviour via causal analysis mental states,davis richard brian,no_author,-1.3212290121305246,chapter attempt show evil exists call agent causal theism act true according act human beings immaterial conscious agents endued god power selfmotion power think decide act ends light reasons without externally caused even god contrast argue space evil worldviews naturalistic darwinism theistic calvinism,kr,year_2022_2023,0.16402139163102464,theology philosophy evil,theism philosophy epistemology psychology,2
constraint programming algorithms route planning exploiting geometrical information,alessandro bertagnon,single_author,-0.7778203055284539,problems affecting transport people goods plentiful industry commerce also appear origin much complex problems recent years logistics transport sector keeps growing supported technological progress ie companies competitive resorting innovative technologies aimed efficiency effectiveness companies increasingly using technologies artificial intelligence ai blockchain internet things iot artificial intelligence particular often used solve optimization problems order provide users efficient ways exploit available resources work present overview current research activities concerning development new algorithms based clp techniques route planning problems exploiting geometric information intrinsically present many variants research far focused particular euclidean traveling salesperson problem euclidean tsp aim exploit results obtained also problems category euclidean vehicle routing problem euclidean vrp future,iclp,year_2020_2021,-1.0483106334675973,vehicle routing optimization methods,exploit computer science constraint computeraided design operations research vehicle routing problem euclidean geometry routing electronic design automation mathematical optimization artificial intelligence computer security engineering mathematics,3
searchguided generation properties program analyzers,yixuan liang,single_author,-0.7778203055284539,automated program repair large language models remains challenging repository level due longhorizon reasoning requirements limitations autoregressive decoding present codepilot hybrid framework integrates monte carlo tree search mcts large language models enable executionguided program repair realworld github issues codepilot performs hierarchical fault localization repository file function level explores diverse patch trajectories using mcts leverages execution feedback reward signal guide search refinement framework incorporates confidencecalibrated generation selectively refine lowconfidence outputs experiments swebench lite demonstrate codepilot achieves 2467 issue resolution rate using openweight models outperforming comparable baselines results suggest combining symbolic search neural language models effective strategy scalable executionaware software engineering automation,iclp,year_post_2024,0.9722427416967726,notopic,monte carlo method tree set theory key lock markov chain monte carlo particle filter,4
blawx webbased userfriendly rules code,mehmet bektasoglu abdullah s. bayraktar,few_authors,-0.2344115989263833,noabstract,iclp,year_2022_2023,-0.24008928340184937,radiation shielding materials analysis,electromagnetic shielding attenuation effective atomic number range aeronautics absorption acoustics consistency knowledge bases energy signal processing code set theory attenuation coefficient,1
kalm rulebased approach knowledge authoring question answering,tiantian gao,single_author,-0.7778203055284539,knowledge representation reasoning krr one key areas artificial intelligence ai field intended represent world knowledge formal languages eg prolog sparql enhance expert systems perform querying inference tasks currently constructing large scale knowledge bases kbs high quality prohibited fact construction process requires many qualified knowledge engineers understand domainspecific knowledge also sufficient skills knowledge representation unfortunately qualified knowledge engineers short supply therefore would useful build tool allows user construct query kb simply via text although number systems developed knowledge extraction question answering mainly fail system dont achieve high enough accuracy whereas krr highly sensitive erroneous data thesis proposal present knowledge authoring logic machine kalm rulebased system allows user author knowledge query kb text experimental results show kalm achieved superior accuracy knowledge authoring question answering compared stateoftheart systems,iclp,year_2018_2019,-1.4524213085004714,topic modeling,question answering knowledge representation reasoning open knowledge base connectivity construct python library knowledge base knowledgebased systems knowledge extraction inference process computing key lock,5
strong weak admissibility nonflat assumptionbased argumentation,matti berthold lydia blümel anna rapberger,few_authors,0.30899710767568733,work broaden investigation admissibility notions context assumptionbased argumentation aba specifically study two prominent alternatives standard notion admissibility abstract argumentation namely strong weak admissibility introduce respective preferred complete grounded semantics general sometimes called nonflat aba use abstract bipolar setbased argumentation frameworks bsafs formal playground since concisely capture relations assumptions expressive enough represent general nonflat aba frameworks recently shown weak admissibility recently investigated restricted fragment aba assumptions derived flat aba strong admissibility investigated aba far introduce strong admissibility aba investigate desirable properties furthermore extend recent investigations weak admissibility flat aba fragment nonflat case show central modularization property maintained classical strong weak admissibility also show strong weakly admissible semantics nonflat aba share shortcomings standard admissible semantics discuss ways address,kr,year_post_2024,0.9722427416967726,multiagent systems negotiation,fragment logic argumentation theory semantics computer science context archaeology property philosophy decidability,1
aba learning via asp,emanuele de angelis maurizio proietti francesca toni,few_authors,0.30899710767568733,problog popular probabilistic logic programming language tool widely used applications requiring deal inherent uncertainties structured domains paper study connections problog variant another wellknown formalism combining symbolic reasoning reasoning uncertainty namely probabilistic argumentation specifically show problog instance form probabilistic abstract argumentation paa constellation approach builds upon assumptionbased argumentation aba connections pave way towards equipping problog variety alternative semantics inherited paapaba well obtaining novel argumentation semantics paapaba leveraging existing connections problog argumentation moreover connections pave way towards novel forms argumentative explanations problogs outputs,iclp,year_2022_2023,0.16402139163102464,logic reasoning knowledge,rote learning argumentation theory computer science set abstract data type artificial intelligence active learning machine learning mathematics education programming language cooperative learning psychology epistemology teaching method philosophy,1
gaze internal logic graph neural networks logic,paul tarau,single_author,-0.7778203055284539,graph neural networks share logic programming several key relational inference mechanisms datasets trained evaluated seen database facts containing ground terms makes possible modeling inference mechanisms equivalent logic programs better understand propagate information entities involved machine learning process also infer limits learned given dataset well might generalize unseen test data leads us key idea paper modeling help logic program information flows involved learning infer link structure graph information content nodes properties new nodes given known connections nodes possibly similar properties problem known graph node property prediction approach consist emulating help prolog program key information propagation steps graph neural networks training inference stages test approach ogbnarxiv node property inference benchmark infer class labels nodes representing papers citation network distill dependency trees text associated node directed acyclic graphs encode ground prolog terms together set references papers become facts database reason help prolog program mimics information propagation graph neural networks predicting node properties process invent ground term similarity relations help infer labels test set propagating node properties similar nodes training set evaluate effectiveness comparison graphs link structure finally implement explanation generators unveil performance upper bounds inherent dataset practical outcome obtain logic program seen machine learning algorithm performs close state art node property prediction benchmark,iclp,year_2022_2023,-0.24008928340184937,advanced graph neural networks,computer science inference prolog theoretical computer science artificial intelligence logic programming graph knowledge base node physics artificial neural network machine learning,3
modeloriented approach lifting symmetries answer set programming,alice tarzariol,single_author,-0.7778203055284539,solving combinatorial problems pruning symmetric solution candidates search space essential existing approaches instancespecific focus automatic computation symmetry breaking constraints sbcs given problem instance however application approaches largescale instances advanced problem encodings might problematic since computed sbcs propositional therefore neither meaningfully interpreted transferred instances result timeconsuming recomputation sbcs must done every invocation solver overcome limitations introduce new modeloriented approach answer set programming lifts sbcs small problem instances set interpretable firstorder constraints using form machine learning called inductive logic programming targeting simple combinatorial problems aim extend method applied also advanced decision optimization problems,iclp,year_2022_2023,-0.24008928340184937,logic reasoning knowledge,computer science answer set programming pruning boolean satisfiability problem set abstract data type solver simple philosophy theoretical computer science focus optics inductive logic programming computation artificial intelligence mathematical optimization algorithm programming language mathematics,4
assessing driversapos situation awareness semiautonomous vehicles asp based characterisations driving dynamics modelling scene interpretation projection,jakob suchan jan-patrick osterloh,few_authors,-0.2344115989263833,semiautonomous driving already available today eventually become even accessible implies need driver automation system reliably work together order ensure safe driving particular challenge endeavour situations vehicles automation longer able drive thus requesting human take situations driver quickly build awareness traffic situation able take control safely drive car within context present software hardware framework asses aware driver situation provide humancentred assistance help building situation awareness framework developed modular system within robot operating system ros modules sensing environment driver state modelling drivers situation awareness guiding drivers attention using specialized human machine interfaces hmis particular focus paper answer set programming asp based approach modelling reasoning drivers interpretation projection scene based scene data well eyetracking data reflecting scene elements observed driver present overall application discuss role semantic reasoning modelling cognitive functions based logic programming applications furthermore present asp approach interpretation projection drivers situation awareness integration within overall system context realworld usecase simulated well real driving,iclp,year_2022_2023,0.16402139163102464,logic reasoning knowledge,situation awareness computer science automation humancomputer interaction context archaeology modular design interpretation philosophy focus optics software artificial intelligence engineering,2
modelling infectious disease dynamics probabilistic logic programming,fabrizio riguzzi,single_author,-0.7778203055284539,probabilistic logic programming extends logic programming enabling representation uncertain information means probability theory probabilistic logic programming intersection two wider research fields integration logic probability probabilistic programming logic enables representation complex relations among entities probability theory useful model uncertainty attributes relations combining two active field study probabilistic programming extends programming languages probabilistic primitives used write complex probabilistic models algorithms inference learning tasks provided automatically system probabilistic logic programming time logic language knowledge representation capabilities turing complete language computation capabilities thus providing best worlds since birth field probabilistic logic programming seen steady increase activity many proposals languages algorithms inference learning foundations probabilistic logic programming aims providing overview field special emphasis languages distribution semantics one influential approaches book presents main ideas semantics inference learning highlights connections methods many examples book include link page web application httpcplinteu code run online,iclp,year_2020_2021,-0.6441999584347234,bayesian modeling causal inference,programming language probabilistic logic computer science logic programming artificial intelligence,2
knowledge base embeddings semantics theoretical properties,camille bourgaux ricardo guimarães raoul koudijs victor lacerda ana ozaki,many_authors,1.3958145208798287,research knowledge graph embeddings recently evolved knowledge base embeddings goal map facts vector spaces also constrain models take account relevant conceptual knowledge available paper examines recent methods proposed embed knowledge bases description logic vector spaces lens geometricbased semantics identify several relevant theoretical properties draw literature sometimes generalize unify investigate concrete embedding methods fit theoretical framework,kr,year_post_2024,0.5681320666638986,semantic web ontologies,semantics computer science computer science knowledge base base topology natural language processing programming language computational semantics artificial intelligence operational semantics mathematics,5
complexity weighted firstorder model counting twovariable fragment counting quantifiers bound beat,jan tóth ondřej kuželka,few_authors,-0.2344115989263833,study time complexity weighted firstorder model counting wfomc logical language two variables counting quantifiers problem known solvable time polynomial domain size however degree polynomial turns relatively high practical applications never properly addressed first formulate time complexity bound existing techniques solving wfomc counting quantifiers bound already known polynomial degree depending number cells input formula observe number cells depends turn exponentially parameters counting quantifiers appearing formula second propose new approach dealing counting quantifiers reducing exponential dependency quadratic one therefore obtaining tighter upper bound remains open question whether dependency polynomial degree counting quantifiers reduced thus making new bound bound beat,kr,year_post_2024,0.5681320666638986,scientific computing data management,fragment logic beat acoustics mathematics computer science algorithm physics,2
topdown splitting property epistemic logic programs,pedro cabalar jorge fandinno luis fariñas del cerro,few_authors,0.30899710767568733,epistemic logic programs constitute extension stable model semantics deal new constructs called subjective literals informally speaking subjective literal allows checking whether objective literal true stable models however associated semantics proved nontrivial since truth subjective literals may interfere set stable models supposed query consequence clear agreement reached different semantic proposals made literature paper review extension wellknown splitting property logic programs epistemic case epistemic splitting property defined general condition checked arbitrary epistemic semantics satisfaction desirable consequences representation conformant planning problems encoding socalled subjective constraints,iclp,year_2020_2021,-0.6441999584347234,logic reasoning knowledge,literal mathematical logic epistemic modal logic semantics computer science extension predicate logic property philosophy computer science stable model semantics representation politics knowledge representation reasoning theoretical computer science nonmonotonic logic set abstract data type epistemology description logic artificial intelligence mathematics multimodal logic algorithm programming language operational semantics philosophy,2
general variant unifiers,santiago escobar julia sapiña,few_authors,-0.2344115989263833,equational unification two terms consists finding substitution applied terms makes equal modulo equational properties equational unification special relevance automated deduction theorem proving protocol analysis partial evaluation model checking etc several algorithms developed literature specific equational theories associativecommutative symbols exclusiveor diffiehellman abelian groups narrowing proved complete unification several cases studied narrowing provides decidable unification algorithm new narrowingbased equational unification algorithm relying concept variants term developed available recent version maude version 271 provides quite sophisticated unification features variant term pair consisting substitution sigma canonical form tsigma variantbased unification decidable equational theory satisfies finite variant property however may compute many unifiers necessary paper explore strengthen variantbased unification algorithm implemented maude produce minimal set general variant unifiers experiments suggest new adaptation variantbased unification efficient execution time number computed variant unifiers original algorithm available maude,iclp,year_2018_2019,-1.4524213085004714,logic programming type systems,unification decidability modulo substitution logic term time set abstract data type algebra field equational logic relevance law,1
extending description logics generic concepts tale two semantics,joshua hirschbrunn yevgeny kazakov,few_authors,-0.2344115989263833,description logic dl ontologies often need model similar properties different concepts taking inspiration generic classes objectoriented programming introduce concept parameters describe related concepts example localanesthesiaeye localanesthesiaknee used describe anesthesia eye knee respectively main benefit generic concepts able describe general properties example every local anesthesia done applying anesthetic drug propose use generic concepts localanesthesiax define properties concept variable x replaced suitable concepts capture intended meaning generic concepts define two semantics extension schema semantics concept variables represent arbitrary concepts specific language secondorder semantics variables represent arbitrary subsets domain generally secondorder semantics gives logical consequences schema semantics allows reduction classical dl reasoning combine benefits semantics define useful extension dl el semantics coincide restriction entailment problem decidable,kr,year_post_2024,0.5681320666638986,semantic web ontologies,computer science semantics computer science programming language,4
informationflow perspective explainability requirements specification verification,bernd finkbeiner hadar frenkel julian siber,few_authors,0.30899710767568733,explainable systems expose information certain observed effects happening agents interacting argue constitutes positive flow information needs specified verified balanced negative information flow may eg violate privacy guarantees since explainability privacy require reasoning knowledge tackle tasks epistemic temporal logic extended quantification counterfactual causes allows us specify multiagent system exposes enough information agents acquire knowledge effect occurred show principle used specify explainability systemlevel requirement provide algorithm checking finitestate models specifications present prototype implementation algorithm evaluate several benchmarks illustrating approach distinguishes explainable unexplainable systems allows pose additional privacy requirements,kr,year_post_2024,0.9722427416967726,explainable artificial intelligence xai,counterfactual thinking perspective graphical information flow model checking temporal logic key lock counterfactual conditional complete information,5
proceedings international conference logic programming 2022 workshops colocated 38th international conference logic programming iclp 2022 haifa israel july 31st august 1st 2022,yuliya lierler jose f. morales,few_authors,-0.2344115989263833,abstract available content access content full html content provided page pdf content also available save pdf action button,iclp,year_2022_2023,-0.24008928340184937,logic reasoning knowledge,computer science programming language logic programming software engineering,1
framework inconsistencytolerant reasoning sets models,yehia hatab kai sauerwald matthias thimm,few_authors,0.30899710767568733,propose framework reasoning inconsistent knowledge bases using minimal hitting sets e sets interpretations formula knowledge base satisfied least one interpretations additionally considering preference orders minimal hitting sets define wide variety nonmonotonic inference relations consider concrete preference orders based set inclusion cardinality number conflicting atoms within hitting set using hamming distance pairs interpretations compare resulting inference relations characterize logical properties position relative classical inference maximal consistent subsets finally show inference based minimal conflicting atoms coincides reasoning priests 3valued logic,kr,year_post_2024,0.9722427416967726,logic reasoning knowledge,inference set abstract data type preference knowledge base hamming distance base topology variety cybernetics position finance opportunistic reasoning,2
towards runtime checks simplification via term hiding,mordechai ben‐ari,no_author,-1.3212290121305246,noabstract,iclp,year_2016_2017,-2.2606426585662196,software system performance reliability,computer science,3
modeling clique coloring via aspq,hoifung poon,single_author,-0.7778203055284539,let g v e simple graph clique hypergraph g denoted ch g v set vertices maximal cliques hyperedges let sk set k colors map c v sk proper kcoloring chg maximal clique g least two vertices receives least two distinct colors let w v let 1 say g w sextendible assignment w colors extended proper scoloring chg prove clique hypergraphs chordal comparability graphs bicolorable clique hypergraphs circulararc graphs 3colorable main result characterization w 2extendibility chordal graphs case w2,iclp,year_2020_2021,-0.6441999584347234,advanced graph theory research,combinatorics chordal graph hypergraph mathematics clique split graph interval graph discrete mathematics graph clique graph line graph 1planar graph graph power,2
research summary explainable artificial intelligence answer set programming machine learning,vladimir lifschitz,single_author,-0.7778203055284539,noabstract,iclp,year_post_2024,0.9722427416967726,logic reasoning knowledge,answer set programming computer science set abstract data type stable model semantics circumscription solver problem solver programming language logic program nonmonotonic logic logic programming frame problem frame networking plan archaeology theoretical computer science artificial intelligence description logic software engineering multimodal logic,5
front matter table contents preface list authors,noauthor,no_author,-1.3212290121305246,noabstract,iclp,year_2016_2017,-2.6647533335990934,diverse scientific economic studies,front military feature linguistics window computing reflection computer programming,1
interpretable hybrid machine learning models using foldr answer set programming,sanne wielinga jesse heyninck,few_authors,-0.2344115989263833,machine learning ml techniques play pivotal role highstakes domains healthcare accurate predictions greatly enhance decisionmaking however highperforming methods neural networks ensemble methods often opaque limiting trust broader adoption parallel symbolic methods like answer set programming asp offer possibility interpretable logical rules always match predictive power ml models paper proposes hybrid approach integrates aspderived rules foldr algorithm blackbox ml classifiers selectively correct uncertain predictions provide humanreadable explanations experiments five medical reveal statistically significant performance gains accuracy f1 score study underscores potential combining symbolic reasoning conventional ml achieve high interpretability without sacrificing accuracy,iclp,year_post_2024,0.9722427416967726,explainable artificial intelligence xai,interpretability set abstract data type artificial neural network limiting expressive power supervised learning inductive logic programming,5
distancerestricted explanations theoretical underpinnings amp efficient implementation,yacine izza xuanxiang huang antonio morgado jordi planes alexey ignatiev joao marques-silva,many_authors,1.9392232274818992,uses machine learning ml snowballed recent years many cases ml models highly complex operation beyond understanding human decisionmakers nevertheless uses ml models involve highstakes safetycritical applications explainable artificial intelligence xai aims help human decisionmakers understanding operation complex ml models thus eliciting trust operation unfortunately majority past xai work based informal approaches offer guarantees rigor unsurprisingly exists comprehensive experimental theoretical evidence confirming informal methods xai provide humandecision makers erroneous information logicbased xai represents rigorous approach explainability modelbased offers strongest guarantees rigor computed explanations however wellknown drawback logicbased xai complexity logic reasoning especially highly complex ml models recent work proposed distancerestricted explanations ie explanations rigorous provided distance given input small enough distancerestricted explainability tightly related adversarial robustness shown scale moderately complex ml models number inputs still represents key limiting factor paper investigates novel algorithms scaling performance logicbased explainers computing enumerating ml model explanations large number inputs,kr,year_post_2024,0.5681320666638986,scientific computing data management,computer science,5
system explainable answer set programming,pedro cabalar jorge fandinno brais muñiz,few_authors,0.30899710767568733,present xclingo tool generating explanations asp programs annotated text labels annotations allow tracing application rules atoms derived input xclingo markup language written asp comment lines programs annotated way still accepted standard asp solver xclingo translates annotations additional predicates rules uses asp solver clingo obtain extension auxiliary predicates information used afterwards construct derivation trees containing textual explanations language allows selecting atoms explain turn atoms rules include explanations illustrate basic features diagnosis problem literature,iclp,year_2020_2021,-1.0483106334675973,logic reasoning knowledge,answer set programming computer science set abstract data type programming language artificial intelligence,5
modelling human mentalstates action language following theory planned behavior,rory c. o’connor christopher j. armitage,few_authors,-0.2344115989263833,chapter aims test efficacy theory planned behavior domain parasuicide hence efficacy potential screening tool examines whether anticipated affect moral norms contribute additional variance prediction behavioral intentions theory planned behavior extends theory reasoned action including measures perceived behavioral control contrast attitudes selfefficacy dominant predictors behavioral intention might therefore provide useful strategies intervention selfefficacy attitudes rooted behavioral decisionmaking insofar determined beliefs concerning likelihood certain outcomes data indicate parasuicides differed significantly hospital controls anticipated affect selfefficacy parasuicides likely rate selfharm would improve mood felt confident ability harm significant positive attitudeintention selfefficacyintention correlations subjective norm intention,iclp,year_2020_2021,-0.6441999584347234,attachment relationship dynamics,parasuicide theory planned behavior psychology computer science medicine medical emergency suicide attempt artificial intelligence suicide prevention poison control,1
grounding rulebased argumentation using datalog,martin diller sarah alice gaggl philipp hanisch giuseppina monterosso fritz rauschenbach,many_authors,1.3958145208798287,aspic one main general frameworks rulebased argumentation ai although firstorder rules commonly used aspic examples existing approaches reason rulebased argumentation support propositional rules enable reasoning firstorder instances preliminary grounding step required groundings lead exponential increase size input theories intelligent procedures needed however lack dedicated solutions aspic therefore propose intelligent grounding procedure keeps size grounding manageable preserving correctness reasoning process end translate firstorder aspic instance datalog program query datalog engine obtain ground substitutions perform grounding rules contraries additionally propose simplifications specific aspic formalism avoid grounding rules influence reasoning process finally performed empirical evaluation prototypical implementation show scalability,kr,year_post_2024,0.9722427416967726,multiagent systems negotiation,datalog correctness ground argumentation theory formalism music propositional calculus,5
complexity properties preferential propositional dependence logic,kai sauerwald arne meier juha kontinen,few_authors,0.30899710767568733,paper considers complexity properties klmstyle preferential reasoning setting propositional logic team semantics dependence atoms also known propositional dependence logic preferential teambased reasoning shown cumulative yet violates system p give intuitive conditions fully characterise cases preferential propositional dependence logic satisfies system p show characterisations surprisingly carry preferential teambased propositional logic furthermore show classical entailment dependence logic entailment expressed terms nontrivial preferential models finally present complexity preferential teambased reasoning two natural representations includes novel complexity results classical nonteambased preferential reasoning,kr,year_post_2024,0.9722427416967726,logic reasoning knowledge,propositional variable autoepistemic logic propositional calculus logical consequence zerothorder logic wellformed formula intermediate logic semantics computer science manyvalued logic,2
generating concurrent programs sequential data structure knowledge using answer set programming,sarat chandra varanasi neeraj mittal gopal gupta,few_authors,0.30899710767568733,tackle problem automatically designing concurrent data structure operations given sequential data structure specification knowledge concurrent behavior designing concurrent code nontrivial task even simplest cases humans often design concurrent data structure operations transforming sequential versions respective concurrent versions requires understanding data structure sequential behavior thread interactions concurrent execution shared memory synchronization primitives mechanize design process using automated commonsense reasoning assume data structure description provided axioms alongside sequential code algebraic operations information used automatically derive concurrent code data structure dictionary operations linked lists binary search trees knowledge case expressed using answer set programming asp employ deduction abduction humans reasoning involved asp allows succinct modeling first order theories pointer data structures runtime thread interactions shared memory synchronization reasoner systematically make judgments human reasoner constructing provably safe concurrent code present several reasoning challenges involved transforming sequential data structure equivalent concurrent version reasoning tasks encoded asp reasoner make sound judgments transform sequential code concurrent code best knowledge work first one use commonsense reasoning automatically transform sequential programs concurrent code also developed tool describe relies stateoftheart asp solvers performs reasoning tasks involved generate concurrent code,iclp,year_2020_2021,-0.6441999584347234,logic reasoning knowledge,computer science semantic reasoner programming language data structure concurrent data structure pointer user interface thread computing concurrency separation logic theoretical computer science artificial intelligence,4
automated theorem proving prolog verification,fred mesnard thierry marianne etienne payet,few_authors,0.30899710767568733,lptp logic program theorem prover interactive naturaldeductionbased orem prover pure prolog programs negation failure unification occurs check restricted extensible set builtin predicates lptp one formally prove termination partial correctness prolog programs lptp designed mid 90s robert f sta rk written isoprolog comes emacs userinterface theoretical point view publications lptp sta rk associates set firstorder axioms indp considered prolog program p indp contains clarks equality theory p definitions success failure termination userdefined logic procedure p axioms relating three points view axiom schema proving inductive properties lptp thus dedicated proof editor axioms hardwired propose explicit axioms firstorder formulas fofs apply auto mated theorem provers check property interest using fof intermediary language experiment use automated theorem provers prolog program veri fication evaluate approach benchmark 400 properties prolog programs library available lptp compiler generates set fof files given input prolog program together properties benchmark publicly available,iclp,year_post_2024,0.9722427416967726,logic programming type systems,prolog programming language automated theorem proving computer science axiom correctness proof assistant gas meter prover firstorder logic logic programming compiler horn clause theoretical computer science mathematics mathematical proof,3
actual causality contextual abduction,degoldie sonny ari saptawijaya raja oktovin parhasian damanik,few_authors,0.30899710767568733,causality important part science daily life eg determine responsibility legal arguments causal explanations observations paper presents actual causality modeled contextual abduction logic programming refer causal model halpern pearl translate causal abductive framework using framework treating given actual world context abduction actual causes computed abducing explanations consistent context provide procedure computing actual causes means contextual abduction prolog experiment examples literature result coincides computed clausal causal theory bochman,iclp,year_2020_2021,-1.0483106334675973,logic reasoning knowledge,causality physics context archaeology causal reasoning pearl computer science prolog causal model artificial intelligence logic programming causal structure cognitive psychology epistemology cognitive science psychology mathematics cognition statistics philosophy,2
understanding problog probabilistic argumentation,francesca toni nico potyka markus ulbricht pietro totis,many_authors,0.852405814277758,problog popular probabilistic logic programming languagetool widely used applications requiring deal inherent uncertainties structured domains paper study connections problog variant another wellknown formalism combining symbolic reasoning reasoning uncertainty ie probabilistic argumentation specifically show problog instance form probabilistic abstract argumentation paa builds upon assumptionbased argumentation aba connections pave way towards equipping problog alternative semantics inherited paapaba well obtaining novel argumentation semantics paapaba leveraging prior connections problog argumentation connections pave way towards novel forms argumentative explanations problogs outputs,iclp,year_2022_2023,0.16402139163102464,logic reasoning knowledge,probabilistic argumentation argumentation theory probabilistic logic argumentative computer science formalism music semantics computer science logic programming artificial intelligence theoretical computer science argumentation framework programming language epistemology philosophy,4
faithful differentiable reasoning reshuffled regionbased embeddings,aleksandar pavlovic emanuel sallinger steven schockaert,few_authors,0.30899710767568733,knowledge graph kg embedding methods learn geometric representations entities relations predict plausible missing knowledge representations typically assumed capture rulelike inference patterns however theoretical understanding inference patterns captured remains limited ideally kg embedding methods expressive enough set rules exist relation embeddings exactly capture rules principle studied within framework regionbased embeddings existing models severely limited kinds rule bases captured argue stems fact entity embeddings compared coordinatewise fashion alternative propose modelname simple model based ordering constraints faithfully capture much larger class rule bases existing approaches notably reshuffle capture bounded inference wrt arbitrary sets closed path rules entity embeddings framework learned graph neural network gnn effectively acts differentiable rule base,kr,year_post_2024,0.9722427416967726,advanced graph neural networks,embedding inference bounded function differentiable function simple philosophy rule inference graph,1
action language higherorder action observability,david buckingham matthias scheutz tran cao son francesco fabiano,many_authors,0.852405814277758,paper presents novel semantics epistemic action language takes consideration dynamic peragent observability events different original semantics observability events defined locally level possible worlds giving new method compiling event models locally defined observability represents agents uncertainty falsebeliefs others ability observe events allows modeling secondorder falsebelief tasks one agent know truth another agents observations resultant beliefs paper presents detailed constructions event models ontic sensing truthful announcement action occurrences proves various properties relating agents beliefs execution action also shows proposed approach model second order falsebelief tasks satisfies robustness faithfulness criteria discussed bolander 2018 httpsdoiorg10 100797833196286468,kr,year_post_2024,0.5681320666638986,multiagent systems negotiation,observability action physics order exchange computer science mathematics applied mathematics physics,2
dynamic epistemic logic asp updates application conditional planning,noauthor,no_author,-1.3212290121305246,noabstract,iclp,year_2020_2021,-1.0483106334675973,logic reasoning knowledge,epistemology computer science philosophy,3
using ontology analyze sentiment comments vietnamese social media,hamza fadul modwey eltyeb abd elgabar elsamani omotosho divya mittal anour riadsolh andry alamsyah anindia aulia,no_author,-1.3212290121305246,light rapid progress field information technology large volume digital information social media platforms application stores become rich reviews serving common source gathering opinions number fields especially field banking 1 order banks benefit opinions must analyze huge amount big data find many institutions including banking institutions nowadays one best modern branches machine learning using sentiment analysis technology also known opinion mining mainly analyze opinions customers determining whether opinion expressed document sentence positive negative neutral importance technology helps organizations brand owners reveal feelings opinions general public towards particular product service faster comprehensive credible way traditional questionnaires well researchers research fields making informed decisions backed data turn contributed improving decisionmaking process thus achieving maximum possible return investment paper aims conduct comprehensive survey recent studies use sentiment analysis technology analyze text bank customer comments order discuss tools used find results studies collected reliable sources google scholar others exclude studies text bank customer comments analyzed using different techniques sentiment analysis studies related study topic 2016 2022 accessed discussed,kr,year_post_2024,0.5681320666638986,sentiment analysis opinion mining,sentiment analysis computer science business data science natural language processing,5
generalizing level ranking constraints monotone convex aggregates,tomi janhunen,single_author,-0.7778203055284539,answer set programming asp answer sets capture solutions search problems interest thus efficient computation answer sets utmost importance one viable implementation strategy provided translationbased asp logic programs translated kr formalisms boolean satisfiability sat sat modulo theories smt mixedinteger programming mip consequently existing solvers harnessed computation answer sets many existing translations rely program completion level rankings capture minimality answer sets default negation properly work take level ranking constraints reconsideration aiming generalizations cover aggregatebased extensions asp systematic way applying number program transformations ranking constraints rewritten general form preserves structure monotone convex aggregates thus offers uniform basis incorporation translationbased asp results open new possibilities implementation translators solver pipelines practice,iclp,year_2022_2023,0.16402139163102464,logic reasoning knowledge,ranking information retrieval generalization computer science solver answer set programming satisfiability modulo theories theoretical computer science monotone polygon set abstract data type modulo programming language mathematics discrete mathematics artificial intelligence,1
framework conditional reasoning answer set programming,mario alviano laura giordano daniele theseider dupré,few_authors,0.30899710767568733,paper introduce conditional answer set programming framework conditional asp definition conditional extensions answer set programming asp approach builds conditional logic typicality combination conditional knowledge base asp program allows conditional reasoning answer sets program formalism relies multipreferential semantics klm preferential semantics special case conditional entailment encoded asp complexity upperbound provided,iclp,year_post_2024,0.9722427416967726,logic reasoning knowledge,answer set programming set abstract data type logic programming nonmonotonic logic conditional probability formalism music logical consequence,4
lp2pb translating answer set programs pseudoboolean theories,wolf de wulf bart bogaerts,few_authors,-0.2344115989263833,answer set programming asp wellestablished knowledge representation formalism asp solvers based extensions technology boolean satisfiability solving solvers shown successful many practical applications strength limited underlying proof system resolution paper present new tool lp2pb translates asp programs pseudoboolean theories solvers based stronger cutting plane proof system exist evaluate tool potential cuttingplanebased solving asp traditional asp benchmarks well benchmarks pseudoboolean solving results mixed overall traditional asp solvers still outperform translational approach several benchmark families identified balance shifts way thereby suggesting investigation stronger proof system asp valuable,iclp,year_2020_2021,-1.0483106334675973,logic reasoning knowledge,answer set programming set abstract data type representation politics benchmark surveying stable model semantics satisfiability boolean satisfiability problem,5
enhancing compilationbased asp solving,carmine dodaro giuseppe mazzotta francesco ricca,few_authors,0.30899710767568733,answer set programming asp widely recognized formalism knowledge representation reasoning traditional asp systems employ ground solve architecture subject grounding bottleneck ie variableelimination exhaust computational resources compilationbased approaches recently demonstrated grounding effectively bypassed compiling rules propagators simulate however compiling entire asp program always advantageous paper present program rewriting technique algorithm compilation grounding allow unrestricted blending grounding compilation implement techniques hybrid asp system compares favourably stateoftheart asp solvers established benchmarks,iclp,year_post_2024,0.9722427416967726,semantic web ontologies,computer science ground programming language engineering electrical engineering,5
quantified constraint handling rules,vincent barichard igor stéphan,few_authors,-0.2344115989263833,article qcsp quantified constraint satisfaction problems framework shifted qchr quantified constraint handling rules framework enabling dynamic generation quantifiers access userdefined constraints qcsp offers natural framework express pspace problems finite twoplayers games define qcsp model alternation quantifiers must formerly known built dynamically even worst case occur overcome issue new qchr formalism allows generate quantifiers dynamically solving defined qchr models exhibit stateoftheart performances priori fixed alternation quantifiers outperforms previous qcsp approaches generation quantifiers dynamic,iclp,year_2018_2019,-1.4524213085004714,constraint satisfaction optimization,constraint computeraided design computer science mathematics theoretical computer science algorithm,2
maspreduce proposal distributed computation stable models,marco de bortoli,single_author,-0.7778203055284539,answer set programming asp famous logic language knowledge representation really successful last years witnessed great interest development efficient solvers asp yet great request resources certain types problems planning ones still constitutes big limitation problem solving particularly case program grounded resolving phase exponential blow grounding generate huge ground file infeasible single machines limited resources thus preventing even discovering single nonoptimal solution address problem paper present distributed approach asp solving exploiting distributed computation benefits order overcome explained limitations presented tool called distributed answer set coloring dasc pure solver based wellknown graph coloring algorithm dasc part bigger project aiming bring logic programming distributed system started 2017 federico igne maspreduce continued 2018 pietro totis distributed grounder paper present low level implementation graph coloring algorithm via boost mpi libraries c finally provide results first working version tool moment without strong optimization heuristic,iclp,year_2018_2019,-1.8565319835333454,logic reasoning knowledge,computer science graph coloring solver answer set programming computation theoretical computer science graph set abstract data type heuristic distributed computing logic programming programming language artificial intelligence,1
embedding scasp prolog,mehul chandrakant solanki,single_author,-0.7778203055284539,thesis focuses combining two important wide spread declarative programming paradigms functional logic programming proposed approach aims adding logic programming features native prolog onto haskell develop extensions replicate target language utilizing advanced features host language efficient implementation thesis aims provide insights merging two declarative languages namely haskell prolog embedding latter former analyzing results two languages conflicting characteristics finished products something similar haskellised prolog logic programminglike capabilities leaf ii,iclp,year_2022_2023,-0.24008928340184937,logic programming type systems,haskell prolog programming language declarative programming computer science logic programming fifthgeneration programming language embedding functional logic programming programming paradigm inductive programming functional programming artificial intelligence,3
learning robust reward machines noisy labels,roko parać lorenzo nodari leo ardon daniel furelos-blanco federico cerutti alessandra russo,many_authors,1.9392232274818992,paper presents probirm approach learns robust reward machines rms reinforcement learning rl agents noisy execution traces key aspect rmdriven rl exploitation finitestate chine decomposes agents task different sub tasks probirm uses stateoftheart inductive logic pro gramming framework robust noisy examples learn rms noisy traces using bayesian posterior degree liefs thus ensuring robustness inconsistencies piv otal results interleaving rm learning policy learning new rm learned whenever rl agent generates trace believed accepted current rm speed training rl agent probirm employs probabilistic formulation reward shaping uses posterior bayesian beliefs derived traces experimental analysis shows probirm learn potentially imperfect rms noisy traces exploit train rl agent solve tasks success fully despite complexity learning rm noisy traces agents trained probirm perform comparably agents provided handcrafted rms,kr,year_post_2024,0.5681320666638986,fuzzy logic control systems,computer science artificial intelligence machine learning,2
strong equivalence lpmln programs,joohyung lee man luo,few_authors,-0.2344115989263833,lpmln probabilistic extension answer set programs weight scheme adapted markov logic study concept strong equivalence lpmln useful mathematical tool simplifying part lpmln program without looking rest show verification strong equivalence lpmln reduced equivalence checking classical logic via reduct choice rules well equivalence checking soft logic hereandthere result allows us leverage answer set solver lpmln strong equivalence checking study also suggests us reformulations lpmln semantics using choice rules logic hereandthere classical logic,iclp,year_2018_2019,-1.4524213085004714,logic reasoning knowledge,equivalence formal languages logical equivalence probabilistic logic stable model semantics formal equivalence checking answer set programming leverage statistics markov chain,1
dataset contractual events court decisions,robert m. guion,single_author,-0.7778203055284539,noabstract,iclp,year_2022_2023,0.16402139163102464,taxation legal issues,law economics economics,4
modeling solving graph synthesis problems using satencoded reachability constraints picat,neng-fa zhou,single_author,-0.7778203055284539,many constraint satisfaction problems involve synthesizing subgraphs satisfy certain reachability constraints paper presents programs picat four problems selected recent lpcp programming competitions programs demonstrate modeling capabilities picat language solving efficiency cuttingedge sat solvers empowered effective encodings,iclp,year_2020_2021,-0.6441999584347234,constraint satisfaction optimization,reachability constraint programming computer science constraint satisfaction problem constraint satisfaction graph enhanced data rates gsm evolution mathematical optimization theoretical computer science constraint computeraided design backtracking programming language mathematics artificial intelligence,1
smtbased constraint answer set solver ezsmt system description,yuting zhao,single_author,-0.7778203055284539,answer set programming asp constraintbased programming paradigm proposed recently ai researchers paradigm one solves problem encoding constraints logic program rules way solutions original problem correspond socalled answer sets logic program new programming paradigm found applications problems ranging combinatorial search problems graph coloring hamiltonian circuit problems product configuration data encryption problems dissertation make following two contributions new programming paradigm asp first propose implement new asp system using traditional sat propositional satisfiability solvers done translation logic programs sets clauses propositional logic experimental results show many benchmark domains system performs better existing specialized asp systems secondly study phase transition phenomenon randomly generated logic programs identify region class randomly generated logic programs logic programs hard existing asp systems,iclp,year_2016_2017,-2.6647533335990934,logic reasoning knowledge,answer set programming computer science satisfiability logic programming theoretical computer science constraint programming programming language boolean satisfiability problem propositional calculus constraint satisfaction mathematics artificial intelligence mathematical optimization,2
speech generative datalog nonmeasurable sets,rené l. schilling franziska kühn,no_author,-1.3212290121305246,noabstract,iclp,year_2020_2021,-0.6441999584347234,advanced algebra logic,computer science,2
knowledge graphs amp reasoning concert automating regulation corporate economics,pierre-antoine champin rigo wenning,no_author,-1.3212290121305246,chapter described semantic web stack comprehensive list open standards representing reasoning querying validating knowledge graphs described different projects relying standards build personal knowledge graphs allow seamlessly interoperate knowledge graphs web finally discussed related standards describing rules policies order express conditions information personal knowledge graphs shared others advent socalled data economy,iclp,year_post_2024,0.9722427416967726,personal information management user behavior,computer science interoperability digitization knowledge graph world wide web internet knowledge representation reasoning semantic web order exchange data science knowledge management information retrieval artificial intelligence business,2
copredication ontological mutability,mathias guenther,single_author,-0.7778203055284539,noabstract,kr,year_2022_2023,0.16402139163102464,religious studies spiritual practices,existentialism epistemology theme computing experiential learning ambiguity intersection aeronautics psychology sociology philosophy engineering computer science,2
fitting ontologies constraints relational structures,simon hosemann jean christoph jung carsten lutz sebastian rudolph,many_authors,0.852405814277758,study problem fitting ontologies constraints positive negative examples take form finite relational structure ontology constraint languages consider description logics el eli well several classes tuplegenerating dependencies tgds full guarded frontierguarded frontierone unrestricted tgds well inclusion dependencies pinpoint exact computational complexity design algorithms analyze size fitting ontologies tgds also investigate related problem constructing finite basis concept inclusions tgds given set finite structures finite bases exist el eli guarded tgds inclusion dependencies general exist full frontierguarded frontierone tgds,kr,year_post_2024,0.9722427416967726,semantic web ontologies,ontology set abstract data type constraint computeraided design relational database finite set description logic,5
translating plog lpmln lpod crprolog2 standard answer set programs,joohyung lee zhun yang,few_authors,-0.2344115989263833,logic programs ordered disjunction lpod extension standard answer set programs handle preference using construct ordered disjunction ampnbspand crprolog2 extension standard answer set programs consistency restoring rules lpodlike ordered disjunction present reductions languages standard asp language gives us alternative way understand extensions terms standard asp languageampnbsp,iclp,year_2018_2019,-1.8565319835333454,logic reasoning knowledge,extension predicate logic set abstract data type consistency knowledge bases construct python library preference computer science standard language programming language mathematics artificial intelligence linguistics statistics philosophy,2
property directed reachability planning revisited,ava clifton charles gretton,few_authors,-0.2344115989263833,property directed reachability pdr relatively new satbased search paradigm classical ai planning compared earlier satbased paradigms pdr proceeds without unrolling system transition function therefore without underlying procedure reason potentially computationally expensive multistep formulae maintaining queue obligations ie state timestep knowledge possible planning step pdr iteratively evaluates whether obligation progressed one step towards goal develop evaluate two new distributed pdr algorithms planning additionally implement serial portfolio pdr algorithms planning first consider distributed pdr planning first consider pdr based incremental sat solving setting first new algorithm pspdr evaluates many obligations independently parallel using pool incremental sat workers pspdr unique amongst distributed pdr algorithms centrally maintaining single queue obligations enabling efficient focused search compared pdr portfolio second new algorithm pdpdr sequences subproblems according compositional structure concrete problem hand subproblems solved independently parallel concrete plan obtained combining subproblem plans experimental evaluation exhibits strong runtime gains new algorithms satisfiable unsatisfiable planning benchmarks,kr,year_2022_2023,0.16402139163102464,aibased problem solving planning,reachability computer science queue mathematical optimization plan archaeology priority queue portfolio function biology property philosophy algorithm mathematics programming language,2
abstractions queries ontologybased data access,michel leclère marie-laure mugnier guillaume pérution-kihli,few_authors,0.30899710767568733,ontologybased data access obda multiple data sources integrated via mappings ontology consider obda setting based existential rules certain answer semantics address recent issue query abstraction consists abstracting data queries translating ontology layer since perfect abstraction may exist notions minimally complete maximally sound abstractions introduced study abstractions within extension ucqs limited form inequality special predicate marking database constants extension lead increased complexity problems interest able express minimally complete abstractions hence perfect abstractions exist also characterize maximally sound abstractions making new connection notion maximum recovery stemming data exchange,kr,year_post_2024,0.9722427416967726,semantic web ontologies,extension predicate logic predicate mathematical logic data access abstraction query language ontology data integrity soundness conjunctive query,4
mutex graphs multicliques reducing grounding size planning,david spies jia-huai you ryan hayward,few_authors,0.30899710767568733,present approach representing large sets mutual exclusions also known mutexes mutex constraints types constraints specify exclusion properties events processes ubiquitous many areas applications size constraints given problem overwhelming enough present bottleneck solving efficiency underlying solver paper propose novel graphtheoretic technique based multicliques compact representation mutex constraints apply domainindependent planning asp computing minimum multiclique covering mutex graph nphard propose efficient approximation algorithm multiclique covering show experimentally generates substantially smaller grounding size mutex constraints asp previously known work sat,iclp,year_2018_2019,-1.4524213085004714,aibased problem solving planning,semaphore mutual exclusion bottleneck graph representation politics operator biology,1
grounded fixpoints active integrity constraints,bart bogaerts joost vennekens marc denecker,few_authors,0.30899710767568733,algebraical fixpoint theory invaluable instrument studying semantics logics example major semantics logic programming autoepistemic logic default logic recently abstract argumentation shown induced different types fixpoints defined approximation fixpoint theory aft paper add new type fixpoint aft grounded fixpoint lattice operator l l defined lattice element x l ox x v l ov x v holds x v algebraical level show grounded fixpoints minimal fixpoints approximated wellfounded fixpoint stable fixpoints grounded logical level grounded fixpoints provide new mathematically simple compact type semantics logic possibly nonmonotone semantic operator explain intuition underlying semantics context logic programming pointing grounded fixpoints immediate consequence operator interpretations nontrivial unfounded sets also analyse complexity induced semantics summarised grounded fixpoint semantics new probably simplest compact element family semantics capture basic intuitions principles various nonmonotonic logics,iclp,year_2016_2017,-2.6647533335990934,logic reasoning knowledge,fixed point wellfounded semantics mathematics modal calculus operator biology logic programming discrete mathematics operational semantics computer science algebra field semantics computer science programming language pure mathematics denotational semantics multimodal logic description logic zerothorder logic mathematical analysis,2
computing hpartitions asp datalog,r. s. bird o. de moor,few_authors,-0.2344115989263833,abstract definition partition list division list nonempty contiguous segments many programming operations research problems specified terms list partitions present hierarchy theorems deriving programs specifications throughout reasoning conducted equational style using calculus program synthesis developed bird meertens,iclp,year_2022_2023,-0.24008928340184937,algorithms data compression,theory computation computer science partition number theory programming language hierarchy division mathematics theoretical computer science mathematics algebra field combinatorics arithmetic,3
mathematical foundations joining knowing common knowledge,marcos cramer samuele pollaci bart bogaerts,few_authors,0.30899710767568733,common knowledge knowing capture two intuitive natural notions proven useful variety settings example reason coordination agreement agents analyse knowledge knowledgebased agents two epistemic operators extensively studied isolation approaches made encode complex interplay failed capture essential properties knowing propose novel solution defining notion biworld countable ordinals approximates worlds agent deems possible also deemed impossible approach allows us define multiagent epistemic logic common knowledge knowing operators threevalued model semantics moreover show really need biworlds depth 1 based observation define kripke semantics canonical kripke structure show semantics coincides model semantics finally discuss issues arising combining negative introspection truthfulness knowing show positive introspection integrated logic,kr,year_2022_2023,0.16402139163102464,logic reasoning knowledge,introspection kripke structure semantics computer science computer science kripke semantics epistemic modal logic variety cybernetics artificial intelligence epistemology theoretical computer science multimodal logic description logic programming language temporal logic philosophy,5
normative model explanation binary classification legal ai implementation causal explanations answer set programming,haodi zhang,single_author,-0.7778203055284539,noabstract,iclp,year_2022_2023,-0.24008928340184937,multiagent systems negotiation,implementation answer set programming computer science action physics set abstract data type programming language cognitive science theoretical computer science epistemology psychology philosophy,5
solving assembly line workload smoothing problem via answer set programming,omar el-khatib,single_author,-0.7778203055284539,answer set programming asp new programming language paradigm combining declarative aspect nonmonotonic reasoning paper investigate evaluate application simple assembly line balancing problem answer set programming problem highly combinatorial generally solved specific programs present approach solve simple assembly line balancing problem answer set programming compare standard ones turns although answer set programming greatly simplifies problem statement comparable efficiency specialized programs,iclp,year_2020_2021,-1.0483106334675973,logic reasoning knowledge,answer set programming computer science simple philosophy inductive programming programming language set abstract data type declarative programming reactive programming programming paradigm statement logic procedural programming programming domain theoretical computer science,2
extending answer set programs neural networks,zhun yang,single_author,-0.7778203055284539,integration lowlevel perception highlevel reasoning one oldest problems artificial intelligence recently several proposals made implement reasoning process complex neural network architectures works aim extending neural networks capability reasoning natural question consider extend answer set programs neural networks allow complex highlevel reasoning neural network outputs preliminary result propose neurasp simple extension answer set programs embracing neural networks neural network outputs treated probability distributions atomic facts answer set programs show neurasp improve perception accuracy pretrained neural network also help train neural network better giving restrictions logic rules however training neurasp would take much time pure neural network training due internal use symbolic reasoning engine future work plan investigate potential ways solve scalability issue neurasp one potential way embed logic programs directly neural networks route plan first design sat solver using neural networks extend solver allow logic programs,iclp,year_2020_2021,-1.0483106334675973,logic reasoning knowledge,artificial neural network computer science artificial intelligence set abstract data type scalability nervous system network models process computing machine learning nonmonotonic logic types artificial neural networks time delay neural network programming language,5
singly exponential transformation ltlx f pure past ltl,alessandro artale luca geatti nicola gigante andrea mazzullo angelo montanari,many_authors,1.3958145208798287,confronting past hard true even linear temporal logic ltl interpreted either infinite finite traces faced problem transforming temporally future formula equivalent one contains past temporal modalities knowledge best among available pastification procedures full ltl well expressive enough fragments containing least one temporal modality tomorrow triply exponential size input paper focus fragment ltl features tomorrow eventually modalities provide singly exponential pastification algorithm transformation based normalisation procedure requires nontrivial complexity analysis subsequent generation pure past formula suitablydefined dependency tree structures moreover leveraging purely syntactic nature present implementation procedure temporal satisfiability checking tool deals future past modalities,kr,year_2022_2023,0.16402139163102464,formal methods verification,satisfiability fragment logic linear temporal logic transformation genetics computer science temporal logic modalities theoretical computer science focus optics algorithm exponential function modality humancomputer interaction model checking computation tree logic mathematics discrete mathematics programming language calculus dental artificial intelligence,1
epistemic theory deductive arguments,emiliano lorini,single_author,-0.7778203055284539,epistemic logic theory argumentation recently started interact despite central role epistemic view argument plays contemporary epistemology paper present novel epistemic language reasoning three types beliefs agents explicit belief plain implicit belief focused implicit belief use represent concept deductive argument elucidate connection concept belief language interpreted formal semantics relies belief bases semantics allows us naturally represent reasons agent believing something show closely related notion argument provide results expressiveness axiomatization decidability language,kr,year_post_2024,0.9722427416967726,logic reasoning knowledge,argumentation theory argument complex analysis decidability semantics computer science epistemic modal logic philosophy language philosophy science,5
statistical syllogistic tableaux,domenico cantone eugenio omodeo alberto policriti,few_authors,0.30899710767568733,noabstract,iclp,year_post_2024,0.5681320666638986,logic reasoning knowledge,tnorm fuzzy logics kripke semantics modal semantics computer science computer science syllogism relevance law mathematics epistemology calculus dental algebra field theoretical computer science pure mathematics philosophy artificial intelligence programming language description logic intermediate logic political science medicine,2
empowering public interest communication argumentation project report short paper,alejandra casas niño de rivera,single_author,-0.7778203055284539,long time since last reported activities pkps documentation interest group dig excited let know things weve worked new old,iclp,year_post_2024,0.9722427416967726,diverse scientific economic studies,documentation interest group group periodic table computer science chemistry political science programming language,1
hybrid answer set programming foundations applications,nicolas rühling,single_author,-0.7778203055284539,answer set programming asp powerful tool solving realworld problems however many problems involve numeric values complex constraints beyond capabilities standard asp solvers hybrid solvers like clingcon clingodl address using specialized methods specific constraints however solvers lack strong theoretical foundation issue first addressed introducing logic hereandthere constraints htc extension logic hereandthere ht nonmonotone extension equilibrium logic nowadays ht serves logical foundation asp facilitated broader understanding paradigm idea htc extensions play analogous role hybrid asp remain many open questions logics regarding fundamental characteristics well practical use solvers ie guide implementation formal understanding hybrid logics also needed better understand inherent structure realworld problems applied improve representations asp example application asp use product configuration,iclp,year_post_2024,0.5681320666638986,logic reasoning knowledge,answer set programming set abstract data type programming language computer science,5
natlog embedding logic programming python deeplearning ecosystem,paul tarau,single_author,-0.7778203055284539,driven expressiveness commonalities python pythonbased embedded logicbased language natlog design highlevel interaction patterns equivalent language constructs data types two sides directly connecting generators backtracking nested tuples terms coroutines firstclass logic engines reflection metainterpretation enable logicbased language constructs access full power python ecosystem show effectiveness design via natlog apps working orchestrators jax pytorch pipelines dcgdriven gpt3 dalle prompt generators keyphrases embedding logic programming python ecosystem highlevel interparadigm data exchanges coroutining logic engines logicbased neurosymbolic computing logic grammars promptgenerators large language models logicbased neural network configuration training,iclp,year_2022_2023,0.16402139163102464,logic programming type systems,python programming language programming language computer science logic programming embedding theoretical computer science artificial intelligence,5
probkanren simple probabilistic extension microkanren,rohit dhormare,single_author,-0.7778203055284539,abstract develop novel framework connecting quantum mechanics gravitational geometry deformation probability amplitudes inspired rohit dhormares geometric formulation probability gravitational fields reinterpret influence curvature probability within classical settings domain quantum amplitudes propose quantum probabilistic manifold spacetime curvature induces topological metric deformations hilbert space projections affecting interference measurement outcomes entropy formulation offers new pathways understanding quantum gravity decoherence information localization,iclp,year_2020_2021,-0.6441999584347234,noncommutative quantum gravity theories,extension predicate logic probabilistic logic quantum quantum gravity physics mathematics statistical physics geometry pure mathematics quantum mechanics computer science statistics,3
brief discussion credal semantics probabilistic answer set programs,damiano azzolini,single_author,-0.7778203055284539,pasta novel framework perform inference exact approximate probabilistic answer set programming credal semantics solve related tasks abduction decision theory maximum posteriori inference parameter learning moreover also allows expression statistical statements paper shows overall structure pasta tool well main options,iclp,year_2022_2023,0.16402139163102464,logic reasoning knowledge,computer science programming language,5
inductive learning declarative domainspecific heuristics asp,richard comploi-taupe,single_author,-0.7778203055284539,domainspecific heuristics crucial technique efficient solving problems large computationally hard answer set programming asp systems support declarative specifications domainspecific heuristics improve solving performance however heuristics must invented manually far inventing domainspecific heuristics answerset programs requires expertise domain consideration familiarity asp syntax semantics solving technology process inventing useful heuristics would highly profit automatic support paper presents novel approach automatic learning heuristics use inductive logic programming ilp learn declarative domainspecific heuristics examples stemming nearoptimal answer sets small representative problem instances experimental results indicate learned heuristics improve solving performance solution quality solving larger harder instances problem,iclp,year_2022_2023,0.16402139163102464,logic reasoning knowledge,heuristics computer science answer set programming domain mathematical analysis inductive logic programming set abstract data type artificial intelligence semantics computer science logic programming programming language theoretical computer science mathematics,4
qiana firstorder formalism quantify contexts formulas,simon coumes pierre-henri paris françois schwarzentruber fabian suchanek,many_authors,0.852405814277758,introduce qiana logic framework reasoning formulas true specific contexts qiana possible quantify formulas contexts express eg everyone knows everything alice says qiana also permits paraconsistent logics within contexts contexts contain contradictions furthermore qiana based firstorder logic finitely axiomatizable qiana theories compatible preexisting firstorder logic theorem provers show qiana used represent temporality event calculus modal logic also discuss different design alternatives qiana,kr,year_post_2024,0.5681320666638986,logic reasoning knowledge,formalism music modal paraconsistent logic temporality nonmonotonic logic normal modal logic algebra field modal logic,2
verifying generating robust plans planning tasks exogenous events,lukas chrpa erez karpas,few_authors,-0.2344115989263833,planning acting presence exogenous events brings number challenges events might modify environment without consent acting agent consequently agents plan might get disrupted agents goals might longer achievable worse agent might suffer damage eg damage robot although policies mapping states appropriate actions take describe theory agent act might difficult explain understand humans loop paper describe concept robust plans sequences actions successfully executed regardless event occurrence robust plans easier understand policies present two methods verifying whether sequence actions robust plan one based compilation classical planning based leveraging deleterelaxation also present method generating robust plans derived relaxation verification method methods evaluated three domains,kr,year_post_2024,0.5681320666638986,aibased problem solving planning,computer science programming language,2
probabilistic declarative process mining,anti alman fabrizio maria maggi marco montali rafael peñaloza,many_authors,0.852405814277758,noabstract,iclp,year_post_2024,0.9722427416967726,business process modeling analysis,probabilistic logic computer science process mining trace psycholinguistics event particle physics process computing context archaeology semantics computer science theoretical computer science probabilistic database constraint computeraided design programming language business process artificial intelligence machine learning data mining work process business process management relational database mathematics,4
revisiting inferential benchmarks knowledge graph completion,shuwen liu bernardo cuenca grau ian horrocks egor v. kostylev,many_authors,0.852405814277758,knowledge graph kg completion problem extending incomplete kg missing facts key feature machine learning approaches kg completion ability learn inference patterns predicted facts results applying patterns kg standard completion benchmarks however wellsuited evaluating models abilities learn patterns training test sets benchmarks random split given kg hence capture causality inference patterns propose novel approach designing kg completion benchmarks based following principles set logical rules missing facts results rules application training set includes premises matching rule antecedents corresponding conclusions test set consists results applying rules training set negative examples designed discourage models learning rules entailed rule set use methodology generate several benchmarks evaluate wide range existing kg completion systems results provide novel insights ability existing models induce inference patterns incomplete kgs,kr,year_2022_2023,0.16402139163102464,advanced graph neural networks,inference computer science machine learning set abstract data type artificial intelligence matching statistics graph causal inference rule inference key lock data mining test set theoretical computer science mathematics,4
platform introducing logic programming bulgarian secondary schools ideas intelligent data educational analysis system,veneta tabakova-komsalova ivan stoyanov george cholakov magdalena maglizhanova,many_authors,0.852405814277758,article proposes project aimed introducing secondary school students artificial intelligence logic programming using prolog language commemoration 50th anniversary prologs development authors participate international initiative prolog education thinking digital bulgaria prolog activity implemented bulgarian secondary schools article offers concise overview stem science technology engineering mathematics educational program training secondary school students bulgaria stem serves projectbased learning approach fostering students understanding multiple disciplines utilizing diverse technologies enhance skills additionally article showcases examples student initiatives spanning natural sciences informatics humanities culture art illustrating interdisciplinary nature stem education,iclp,year_post_2024,0.9722427416967726,online learning analytics,prolog logic programming computer science mathematics education programming language artificial intelligence mathematics,1
automated planning ontologies coherence update semantics,stefan borgwardt duy nhu gabriele röger,few_authors,0.30899710767568733,standard automated planning employs firstorder formulas closedworld semantics achieve goal given set actions initial state follow line research aims incorporate background knowledge automated planning problems example means ontologies usually interpreted openworld semantics present new approach planning dllite ontologies combines advantages ontologybased action conditions provided explicitinput knowledge action bases ekabs ontologyaware action effects coherence update semantics show complexity resulting formalism higher previous approaches provide implementation via polynomial compilation classical planning evaluation existing new benchmarks examines performance planning system different variants compilation,kr,year_post_2024,0.9722427416967726,aibased problem solving planning,formalism music semantics computer science coherence philosophical gambling strategy automated planning scheduling set abstract data type knowledge representation reasoning,5
blending grounding compilation efficient asp solving,carmine dodaro giuseppe mazzotta francesco ricca,few_authors,0.30899710767568733,answer set programming asp widely recognized formalism knowledge representation reasoning traditional asp systems employ ground solve architecture subject grounding bottleneck ie variableelimination exhaust computational resources compilationbased approaches recently demonstrated grounding effectively bypassed compiling rules propagators simulate however compiling entire asp program always advantageous paper present program rewriting technique algorithm compilation grounding allow unrestricted blending grounding compilation implement techniques hybrid asp system compares favourably stateoftheart asp solvers established benchmarks,kr,year_post_2024,0.5681320666638986,semantic web ontologies,computer science ground programming language engineering electrical engineering,4
quantitative stream extensions answer set programming,rafael kiesel,single_author,-0.7778203055284539,answer set programming separately extended constraints streaming domain capabilities reason quantities associated answer sets propose introduction analysis general framework incorporates three directions extension exploiting strengths hereandthere logic weighted logic,iclp,year_2020_2021,-0.6441999584347234,logic reasoning knowledge,answer set programming extension predicate logic computer science set abstract data type logic programming domain mathematical analysis theoretical computer science programming language mathematics,4
preferencebased abstract argumentation casebased reasoning,adam gould guilherme paulino-passos seema dadhania matthew williams francesca toni,many_authors,1.3958145208798287,pursuit enhancing efficacy flexibility interpretable datadriven classification models work introduces novel incorporation userdefined preferences abstract argumentation casebased reasoning cbr specifically introduce preferencebased abstract argumentation casebased reasoning call aacbrp allowing users define multiple approaches compare cases ordering specifies preference comparison approaches prove model inherently follows preferences making predictions show previous abstract argumentation casebased reasoning approaches insufficient expressing preferences constituents argument demonstrate applied realworld medical dataset sourced clinical trial evaluating differing assessment methods patients primary brain tumour show empirically approach outperforms interpretable machine learning models dataset,kr,year_post_2024,0.5681320666638986,semantic web ontologies,argumentation theory computer science preference argumentation framework probabilistic argumentation artificial intelligence epistemology mathematics statistics philosophy,3
expaspc explaining asp programs choice atoms constraint rules,ly ly trieu tran cao son marcello balduccini,few_authors,0.30899710767568733,present enhancement expasp system generates explanation graphs literal l atom default negation given answer set normal logic program p explain l true false given p new system expaspc differs expasp supports choice rules utilizes constraint rules provide explanation graphs include information choices constraints,iclp,year_2020_2021,-0.6441999584347234,logic reasoning knowledge,negation literal mathematical logic constraint computeraided design set abstract data type computer science atom system chip programming language theoretical computer science discrete mathematics combinatorics mathematics,5
symmetries expressive requirements learning general policies,dominik drexler simon ståhlberg blai bonet hector geffner,many_authors,0.852405814277758,state symmetries play important role planning generalized planning first case state symmetries used reduce size search second reduce size training set case general planning however also critical distinguish nonsymmetric states ie states represent nonisomorphic relational structures however language firstorder logic distinguishes nonsymmetric states languages architectures used represent learn general policies particular recent approaches learning general policies use state features derived description logics learned via graph neural networks gnns known limited expressive power c2 firstorder logic two variables counting work address problem detecting symmetries planning generalized planning use results assess expressive requirements learning general policies various planning domains map planning states plain graphs run offtheshelf algorithms determine whether two states isomorphic respect goal run coloring algorithms determine c2 features computed logically via gnns distinguish nonisomorphic states symmetry detection results effective learning failure detect nonsymmetries prevents general policies learned certain domains,kr,year_post_2024,0.5681320666638986,complex systems decision making,computer science homogeneous space programming language mathematics,2
routing scheduling different ways abridged preliminary report,noauthor,no_author,-1.3212290121305246,noabstract,iclp,year_2022_2023,0.16402139163102464,notopic,nokeywords,1
advancing interactive explainable ai via belief change theory,antonio rago maria vanina martinez,few_authors,-0.2344115989263833,ai models become ever complex intertwined humans daily lives greater levels interactivity explainable ai xai methods needed paper propose use belief change theory formal foundation operators model incorporation new information ie user feedback interactive xai logical representations datadriven classifiers argue type formalisation provides framework methodology develop interactive explanations principled manner providing warranted behaviour favouring transparency accountability interactions concretely first define novel logicbased formalism represent explanatory information shared humans machines consider real world scenarios interactive xai different prioritisations new existing knowledge formalism may instantiated finally analyse core set belief change postulates discussing suitability real world settings pointing particular challenges may require relaxation reinterpretation theoretical assumptions underlying existing operators,kr,year_post_2024,0.5681320666638986,explainable artificial intelligence xai,computer science artificial intelligence humancomputer interaction cognitive science psychology,5
inconsistency handling prioritized databases universal constraints complexity analysis links active integrity constraints,meghyn bienvenu camille bourgaux,few_authors,-0.2344115989263833,paper revisits problem repairing querying inconsistent databases equipped universal constraints adopt symmetric difference repairs deletions additions facts used restore consistency suppose preferred repair actions specified via binary priority relation negated facts first contribution show existing notions optimal repairs defined simpler denial constraints repairs solely based fact deletion suitably extended richer setting next study computational properties resulting repair notions particular data complexity repair checking inconsistencytolerant query answering finally clarify relationship optimal repairs prioritized databases repair notions introduced framework active integrity constraints particular show paretooptimal repairs setting correspond founded grounded justified repairs wrt active integrity constraints obtained translating prioritized database study also yields useful insights behavior active integrity constraints,kr,year_2022_2023,0.16402139163102464,logic reasoning knowledge,data integrity consistency knowledge bases computer science database relation database functional dependency theoretical computer science relational database artificial intelligence,2
tabling optimization contextual abduction,ridhwan dewoprabowo ari saptawijaya,few_authors,-0.2344115989263833,tabling contextual abduction logic programming introduced means store previously obtained abductive solutions one context reused another context paper identifies number issues existing implementations tabling contextual abduction aims mitigate issues propose new program transformation integrity constraints deal proper application filtering solutions also reducing table memory usage optimize table memory usage selectively picking predicates table pragmatically simplifying representation problem evaluation proposed approach artificial real world problems shows improve scalability tabled abduction compared previous implementations,iclp,year_2020_2021,-1.0483106334675973,logic reasoning knowledge,computer science implementation table database scalability programming language context archaeology representation politics transformation genetics theoretical computer science artificial intelligence database,3
formally explaining decision tree models answer set programming,akihiro takemura masayuki otani katsumi inoue,few_authors,0.30899710767568733,decision tree models including random forests gradientboosted decision trees widely used machine learning due high predictive performance however complex structures often make difficult interpret especially safetycritical applications model decisions require formal justification recent work demonstrated logical abductive explanations derived automated reasoning techniques paper propose method generating various types explanations namely sufficient contrastive majority treespecific explanations using answer set programming asp compared satbased approaches aspbased method offers greater flexibility encoding user preferences supports enumeration possible explanations empirically evaluate approach diverse set datasets demonstrate effectiveness limitations compared existing methods,iclp,year_post_2024,0.9722427416967726,logic reasoning knowledge,answer set programming decision tree set abstract data type flexibility engineering tree set theory decision tree learning abductive reasoning random forest nonmonotonic logic,5
feasibility declarative diagnosis,włodzimierz drabent,single_author,-0.7778203055284539,programming language prolog makes declarative programming possible least substantial extent programs may written reasoned terms declarative semantics advantages declarative programming however lost comes program debugging prolog debugger based solely operational semantics declarative methods diagnosis ie locating errors programs exist neglected paper discusses possibly main weaknesses shows overcome argue useful ways declarative diagnosis logic programs exist usable actual programming,iclp,year_2022_2023,0.16402139163102464,logic programming type systems,programming language debugger declarative programming computer science prolog debugging logic programming fifthgeneration programming language semantics computer science algorithmic program debugging usable constraint programming procedural programming inductive programming programming paradigm mathematics,2
learning asp domainspecific heuristics using transformers,marcello balduccini,single_author,-0.7778203055284539,spite improvements performance many solvers modelbased languages still possible search algorithm focus wrong areas search space preventing solver returning solution acceptable,iclp,year_post_2024,0.9722427416967726,logic reasoning knowledge,heuristics computer science solver focus optics domain mathematical analysis set abstract data type point geometry artificial intelligence machine learning theoretical computer science programming language mathematics,5
efficient declarative solutions picat optimal multiagent pathfinding,roman bartak neng-fa zhou roni stern eli boyarski pavel surynek,many_authors,1.3958145208798287,multiagent pathfinding mapf problem attracted considerable attention relation practical applications paper present constraintbased declarative model mapf together implementation picat logicbased programming language show experimentally picatbased implementation highly competitive sometimes outperforms previous approaches importantly proposed picat implementation versatile demonstrate showing easily adapted optimize different mapf objectives minimizing makespan minimizing sum costs range mapf variants moreover picatbased model automatically compiled several generalpurpose solvers sat solvers mixed integer programming solvers mip particularly important mapf mapf variants solved efficiently compiled sat variants solved efficiently compiled mip analyze differences impact different declarative models encodings empirical performance,iclp,year_2016_2017,-2.2606426585662196,multiagent systems negotiation,computer science pathfinding constraint computeraided design job shop scheduling integer programming theoretical computer science mathematical optimization range aeronautics constraint programming programming language algorithm mathematics shortest path problem,1
treelike justification systems consistent,simon marynissen bart bogaerts,few_authors,-0.2344115989263833,justification theory abstract unifying formalism captures semantics various nonmonotonic logics one intriguing problem received significant attention consistency problem conditions justifications fact justifications negation suitably related two variants justification theory exist one justifications trees one graphs work resolve consistency problem treelike setting showing reasonable treelike justification systems consistent,iclp,year_2022_2023,-0.24008928340184937,logic reasoning knowledge,negation formalism music consistency knowledge bases monotonic function mathematics tree set theory computer science mathematical economics discrete mathematics combinatorics programming language,1
depthbounded epistemic planning,thomas bolander alessandro burigana marco montali,few_authors,0.30899710767568733,propose novel algorithm epistemic planning based dynamic epistemic logic del novelty limit depth reasoning planning agent upper bound b meaning planning agent reason higherorder knowledge modal depth b compute plan requiring lowest reasoning depth iteratively incrementing value b algorithm relies core new type canonical bbisimulation contraction guarantees unique minimal models construction yields smaller states wrt standard bisimulation contractions enables efficiently check visited states show soundness completeness planning algorithm suitable bounds reasoning depth bound b runs b1exptime implement algorithm novel epistemic planner daedalus compare efp 20 planner several benchmarks literature showing effective performance improvements,kr,year_post_2024,0.9722427416967726,aibased problem solving planning,soundness completeness order theory planner epistemic modal logic limit mathematics upper lower bounds automated planning scheduling bisimulation novelty,1
link prediction knowledge graphs probabilistic logic programming work progress,luigi bellomarini eleonora laurenza emanuel sallinger evgeny sherkhonov,many_authors,0.852405814277758,abstract provide framework probabilistic reasoning vadalogbased knowledge graphs kgs satisfying requirements ontological reasoning full recursion powerful existential quantification expression inductive definitions vadalog knowledge representation reasoning krr language based warded datalog logical core language existential rules good balance computational complexity expressive power handling uncertainty essential reasoning kgs yet vadalog warded datalog covered existing probabilistic logic programming statistical relational learning approaches several reasons including insufficient support recursion existential quantification impossibility express inductive definitions work introduce soft vadalog probabilistic extension vadalog satisfying desiderata soft vadalog program induces call probabilistic knowledge graph pkg consists probability distribution network chase instances structures obtained grounding rules database using chase procedure exploit pkgs probabilistic marginal inference discuss theory present mcmcchase monte carlo method use soft vadalog practice apply framework solve data management industrial problems experimentally evaluate vadalog system,iclp,year_2022_2023,0.16402139163102464,data quality management,computer science datalog probabilistic logic chase theoretical computer science probabilistic database probabilistic ctl bayesian network probabilistic argumentation artificial intelligence programming language database theory relational database probabilistic analysis algorithms database,4
nemo first glimpse new rule engine,alex ivliev stefan ellmauthaler lukas gerlach maximilian marx matthias meißner simon meusel markus krötzsch,many_authors,2.4826319340839698,system demonstration presents nemo new logic programming engine focus reliability performancenemo built datacentric analytic computations modelled fully declarative datalog dialectits scalability tasks matches exceeds leading datalog systemswe demonstrate uses reasoning knowledge graphs ontologies 10 5 10 8 input facts laptopnemo written rust available free open source tool,iclp,year_2022_2023,0.16402139163102464,semantic web ontologies,datalog computer science laptop scalability programming language focus optics inference engine logic programming reliability semiconductor rust programming language computation semantic reasoner theoretical computer science artificial intelligence inference database operating system,2
proceedings 39th international conference logic programming iclp 2023 imperial college london uk 9th july 2023 15th july 2023,zhaoyang jacopo hu longrui chen yanpei huang etienne burdet ferdinando rodriguez y baena,many_authors,4.112858053890181,supervisory methods shared control allow dynamic adjustment level autonomy surgical robot based current task demands capabilities human operator several benchmarks 1 avail able evaluate performance controllers however operator struggle task due inexperience limited environmental information paper propose admittance control strategy based guidance priority adaptation enable human operator assume supervisory role onehanded peg transfer task figure 1 implement epsilon greedy maximum entropy inverse reinforcement learning eg maxent irl 2 algorithm enable agent control surgical tool virtual environment human supervises procedure successfully implement proposed method observe supervisory method improved cooperative control specifically segmented control,iclp,year_2022_2023,0.16402139163102464,soft robotics applications,computer science supervisory control task project management reinforcement learning robot operator biology control management adaptation eye humancomputer interaction distributed computing artificial intelligence engineering systems engineering,1
lowlevel index distributed logic programming,thomas prokosch,single_author,-0.7778203055284539,distributed logic programming language support metaprogramming stream processing offers variety interesting research problems versatile stable data structure indexing large number expressions implemented simple lowlevel data structures lowlevel programming help reduce number occur checks robinsons unification algorithm article gives answers,iclp,year_2020_2021,-1.0483106334675973,logic programming type systems,computer science unification search engine indexing programming language logic programming programming paradigm inductive programming stream processing functional logic programming declarative programming theoretical computer science parallel computing artificial intelligence,2
learning contesting assumptionbased argumentation frameworks invited talk,ofer arieli jesse heyninck,few_authors,-0.2344115989263833,noabstract,iclp,year_post_2024,0.9722427416967726,logic reasoning knowledge,simple philosophy argumentation theory computer science mathematical economics epistemology microeconomics mathematics economics philosophy,2
imperative program synthesis answer set programs,sarat chandra varanasi,single_author,-0.7778203055284539,research concerns generating imperative programs answer set programming specifications asp highly declarative ideal writing specifications negationasfailure easy succinctly represent combinatorial search problems currently working synthesizing imperative programs asp programs turning negation useful computations opens novel way synthesize programs executable specifications,iclp,year_2018_2019,-1.4524213085004714,logic reasoning knowledge,answer set programming executable program synthesis set abstract data type negation stable model semantics ideal ethics,4
generating local search neighborhood synthesized logic programs,mateusz ślażyński salvador abreu grzegorz j. nalepa,few_authors,0.30899710767568733,local search metaheuristics proven viable approach solve difficult optimization problems performance depends strongly search space landscape defined cost function selected neighborhood operators paper present logic programming based framework named noodle designed generate bespoke local search neighborhoods tailored specific discrete optimization problems proposed system consists domain specific language inspired logic programming well genetic programming solver based grammar evolution algorithm complement description preliminary experimental evaluation synthesize efficient neighborhood operators traveling salesman problem reproduce wellknown results,iclp,year_2018_2019,-1.4524213085004714,evolutionary algorithms applications,complement music local search optimization bespoke domain mathematical analysis travelling salesman problem genetic programming space punctuation function biology,5
reductbased approach skeptical preferred reasoning abstract argumentation,lars bengel julian sander matthias thimm,few_authors,0.30899710767568733,consider abstract argumentation frameworks particular problem skeptical reasoning wrt preferred semantics ie deciding whether given argument contained every preferred extension argumentation framework introduce novel satbased approach building recent results literature searches complete extensions efficiently decide problem also employs effective simplification procedures shorten computation times experimental evaluation shows algorithm significantly outperforms stateoftheart approaches,kr,year_post_2024,0.9722427416967726,multiagent systems negotiation,argumentation theory skepticism argument complex analysis argumentation framework extension predicate logic computation defeasible reasoning,3
conflictfree labellings realizability construction patterns redundancy,ringo baumann anne-marie heine,few_authors,-0.2344115989263833,paper deals topic realizability abstract argumentation precisely consider basic kind labellings socalled conflictfree labellings understanding labellings essential mature labellingbased semantics selects output among labellings show decide whether given set labellings conflictfree outcome certain dungean framework end introduce several new criteria like ltightness rejectwitness rejectcompositionality properties play decisive role central characterization theorem moreover present construction method showing realize conflictfree realizable labellingset finally study representational freedom case labellings leads uniqueness result certain subclass surprising connection strong equivalence case extensionbased semantics,kr,year_2022_2023,0.16402139163102464,logic reasoning knowledge,computer science principle compositionality semantics computer science theoretical computer science mathematical economics mathematics programming language artificial intelligence,5
lplm hallucinations question answering logic programming,katherine wu yanhong a. liu,few_authors,-0.2344115989263833,large language models llms able generate humanlike responses user queries however llms exhibit inherent limitations especially hallucinate paper introduces lplm system grounds answers questions known facts contained knowledge base kb facilitated semantic parsing prolog always produces answers reliable lplm generates probable constituency parse tree along corresponding prolog term input question via prolog definite clause grammar dcg parsing term executed kb natural language sentences also represented prolog terms question answering leveraging dcg tabling lplm runs linear time size input sentences sufficiently many grammar rules performing experiments comparing lplm current wellknown llms accuracy show llms hallucinate even simple questions unlike lplm,iclp,year_post_2024,0.5681320666638986,logic reasoning knowledge,question answering computer science natural language processing programming language psychology artificial intelligence,3
ordersorted intensional logic expressing subtyping polymorphism typing assertions quantification concepts,đorđe marković marc denecker,few_authors,-0.2344115989263833,subtyping also known subtype polymorphism concept extensively studied programming language theory delineating substitutability relation among datatypes property ensures programs designed supertype objects remain compatible subtypes paper explore capability ordersorted logic utilizing ideas context knowledge representation recognize two fundamental limitations first inability logic address concept rather value nonlogical symbols second lack language constructs constraining type terms consequently propose guarded ordersorted intensional logic guards language constructs annotating typing information intensional logic provides support quantification concepts,iclp,year_post_2024,0.5681320666638986,semantic web ontologies,subtyping programming language typing computer science polymorphism computer science biology genetics genotype gene,1
optimisation approximation abstract argumentation case admissibility,kenneth skiba matthias thimm,few_authors,-0.2344115989263833,propose two soft notions notion admissibility abstract argumentation first one weakens defence notion allowing certain degree undefended attacks second one allows certain degree conflicts within sets arguments analyse new semantical notions based computational complexity optimisation approximation finally discuss analyse soft notions preferred semantics,kr,year_post_2024,0.5681320666638986,logic reasoning knowledge,argumentation theory computer science artificial intelligence epistemology mathematical economics mathematics philosophy,3
logicbased multiagent system ethical monitoring evaluation dialogues,abeer dyoub stefania costantini ivan letteri francesca a. lisi,many_authors,0.852405814277758,dialogue systems tools designed various practical purposes concerning humanmachine interaction systems built ethical foundations behavior may heavily influence user think especially children primary objective paper present architecture prototype implementation multi agent system mas designed ethical monitoring evaluation dialogue system prototype application monitoring evaluation chatting agents humanartificial ethical behavior online customer service chat point wrt institutioncompanys codes ethics conduct developed presented future work open issues research discussed,iclp,year_2020_2021,-0.6441999584347234,multiagent systems negotiation,computer science point geometry institution service business humancomputer interaction engineering ethics engineering management knowledge management systems engineering engineering sociology business,2
strategy logic imperfect information hyperproperties,raven beutner bernd finkbeiner,few_authors,-0.2344115989263833,strategy logic sl powerful temporal logic enables firstclass reasoning strategic behavior multiagent systems mas many mass agents strategies observe global state system leading many extensions sl centered around imperfect information strategy logic imperfect information slii along orthogonal lines researchers studied combination strategic behavior hyperproperties hyperproperties system properties relate multiple executions system commonly arise specifying security policies hyper strategy logic hypersl temporal logic combines quantification strategies ability express hyperproperties executions different strategy profiles paper study relation slii hypersl main result logics restricted formulas state formulas nested within path formulas equivalent sense encode slii instances hypersl instances vice versa former direction build wellknown observation imperfect information hyperproperty latter direction construct selfcomposition mass show simulate hyperproperties using imperfect information,kr,year_post_2024,0.9722427416967726,logic reasoning knowledge,imperfect temporal logic construct python library perfect information state computer science path computing,3
halting recurrent gnns graded mucalculus,jeroen bollen jan van den bussche stijn vansummeren jonni virtema,many_authors,0.852405814277758,graph neural networks gnns class machinelearning models operate graphstructured data expressive power intimately related logics invariant graded bisimilarity current proposals recurrent gnns either assume graph size given model suffer lack termination guarantees paper propose halting mechanism recurrent gnns prove halting model express node classifiers definable graded modal mucalculus even standard gnn variant oblivious graph size prove main result develop new approximate semantics graded mucalculus believe independent interest leverage new semantics new modelchecking algorithm called counting algorithm oblivious graph size final step show counting algorithm implemented halting recurrent gnn,kr,year_post_2024,0.9722427416967726,advanced graph neural networks,expressive power leverage statistics graph semantics computer science class philosophy modal,2
constrained default logic programming,david poole,single_author,-0.7778203055284539,abstract nonmonotonic reasoning want reach conclusions may reach information seem two ways handle could change logic defeasible could allow premises logical argument may allowed new information received,iclp,year_2022_2023,-0.24008928340184937,logic reasoning knowledge,defeasible estate default logic argument complex analysis defeasible reasoning nonmonotonic logic computer science deductive reasoning epistemology cognitive science artificial intelligence autoepistemic logic philosophy description logic psychology multimodal logic medicine,4
potential clip compositional logical reasoning,justin brody,single_author,-0.7778203055284539,paper explore possibility using openais clip perform logically coherent grounded visual reasoning end formalize terms give geometric analysis embeddings clips latent space would need configured order system logically coherent main conclusion usually configured clip perform reasoning,iclp,year_2022_2023,0.16402139163102464,semantic web ontologies,computer science logical reasoning artificial intelligence space punctuation order exchange deductive reasoning cognitive science psychology,2
integration logical english scasp,noauthor,no_author,-1.3212290121305246,noabstract,iclp,year_2022_2023,-0.24008928340184937,flexible reconfigurable manufacturing systems,automation computer science process automation system manufacturing engineering engineering systems engineering software engineering mechanical engineering,4
iterative asp pipelines enhancements robots playing mobile games,noauthor,no_author,-1.3212290121305246,noabstract,iclp,year_post_2024,0.9722427416967726,mechanical engineering vibrations research,selection genetic algorithm power physics automotive engineering computer science engineering artificial intelligence physics,4
translation asp rules controlled natural language sentences,simone caruso carmine dodaro marco maratea marco mochi francesco riccio,many_authors,1.3958145208798287,abstract answer set programming asp popular declarative programming language solving hard combinatorial problems although asp gained widespread acceptance academic industrial contexts certain user groups may find advantageous employ higherlevel language closely resembles natural language specifying asp programs paper propose novel tool called cnl2asp translating english sentences expressed controlled natural language cnl form asp particular first provide definition type sentences allowed cnl translation asp rules exemplify usage cnl specification synthetic realworld combinatorial problems finally report results experimental analysis conducted realworld problems compare performance automatically generated encodings ones written asp practitioners showing tool obtain satisfactory performance benchmarks,iclp,year_post_2024,0.9722427416967726,logic reasoning knowledge,computer science answer set programming programming language set abstract data type natural language artificial intelligence natural language programming natural language processing programming language specification natural archaeology programming paradigm universal networking language programming domain inductive programming,4
methodology incompletenesstolerant modular gradual semantics argumentative statement graphs,antonio rago stylianos loukas vasileiou son tran francesca toni william yeoh,many_authors,1.3958145208798287,gradual semantics gs demonstrated great potential argumentation particular deploying quantitative bipolar argumentation frameworks qbafs number realworld settings judgmental forecasting explainable ai paper provide novel methodology obtaining gs statement graphs form structured argumentation framework arguments relations built logical statements methodology differs existing approaches literature two main ways first naturally accommodates incomplete information arguments partially specified premises play meaningful role evaluation second modularly defined leverage gs qbafs also define set novel properties gs study suitability alongside set existing properties adapted setting two instantiations gs demonstrating advantages existing approaches,kr,year_post_2024,0.9722427416967726,multiagent systems negotiation,argumentation theory semantics computer science leverage statistics argumentative statement logic set abstract data type,2
gradientbased supported model computation vector spaces,taisuke sato chiaki sakama katsumi inoue,few_authors,0.30899710767568733,noabstract,iclp,year_2020_2021,-0.6441999584347234,logic reasoning knowledge,computer science semantics computer science programming language computation logic program theoretical computer science logic programming algebra field mathematics pure mathematics,4
abstraction assumptionbased argumentation,iosif apostolakis zeynep g. saribatur johannes p. wallner,few_authors,0.30899710767568733,approaches computational argumentation provide foundational ways reason argumentatively within artificial intelligence ai underlying formal approaches oftentimes classified structured argumentation abstract argumentation former prescribe rigorous workflows starting knowledge bases finding arguments favour claims scrutiny drawing conclusions abstract argumentation provides formal semantics operating arguments whose internal structure hidden relations kept reasoning resulting socalled argumentation frameworks afs work apply form existential abstraction prominent structured approach assumptionbased argumentation aba leading interactive way simplifying argumentation scenarios abstracting irrelevant details towards supporting explainability existential abstraction shown promising many areas ai including recent work afs lift approach structured levelwhich show direct afs benefit utilization internal structure arguments among contributions introduce existential abstraction aba via clustering assumptions develop semantics clustered aba frameworks reasoning clusterings show differences level afs provide prototype interactive tool obtains faithful clusterings lead spurious reasoning,kr,year_post_2024,0.5681320666638986,multiagent systems negotiation,argumentation theory computer science abstraction programming language theoretical computer science epistemology philosophy,5
model checking linear temporal logic standpoint modalities,rajab aghamov christel baier toghrul karimov rupak majumdar joël ouaknine jakob piribauer timm spork,many_authors,2.4826319340839698,standpoint linear temporal logic sltl recently introduced extension classical linear temporal logic ltl standpoint modalities intuitively modalities allow express agent standpoint conceivable given formula holds besides standard interpretation standpoint modalities introduce four new semantics differ information agent extract history provide general model checking algorithm applicable sltl five semantics furthermore analyze computational complexity corresponding model checking problems obtaining pspacecompleteness three cases stands contrast known expspacecompleteness sltl satisfiability problem,kr,year_post_2024,0.9722427416967726,logic reasoning knowledge,temporal logic model checking linear temporal logic satisfiability modalities extension predicate logic interpretation philosophy computation tree logic linear logic,2
communication individuals disabilities role llms progress report,amogh khaparde,single_author,-0.7778203055284539,hearing hard hearing individuals might struggle communicate without help human interpreterhowever machine learning tool help enable ease communication groups peoplethis project involves application uses convolutional neural network solve problemthis convolutional neural network model custommade 46000 augmented training images tested 8000 imagesits purpose application take camera frames asl fingerspelling input translate textthis alphabet appended sentence variable storedonce user completed sentence chatgpt api correct grammatical errors misclassifications model madewith chatgpt edited sentence playht api turn speech order smoothen language barriera background cropping feature added well takes frames camera uses mediapipe module locate hand remove part image except hand order reduce noise modelthe final model achieved 975 accuracy 01 loss testing dataset also strong confusion matrix well mistakes similar looking characters n model also worked better different rooms since background noise removed model entirelyoverall application innovative step using ai machine learning slowly removing language barrier hard hearing hearing individuals,kr,year_post_2024,0.5681320666638986,hearing impairment communication,usability hearing loss audiology psychology internet privacy computer science humancomputer interaction medicine,1
coq formalization unification modulo exclusiveor,yichi xu daniel j. dougherty rose bohrer,few_authors,0.30899710767568733,equational unification critical problem many areas automated theorem proving security protocol analysisin paper focus xorunification unification modulo theory exclusiveorthis theory contains operator properties associativity commutativity nilpotency presence identityin proof assistant coq implement algorithm solves xor unification problems whose design inspired liu lynch prove sound complete terminatingusing coqs code extraction capability obtain implementation programming language ocaml,iclp,year_post_2024,0.5681320666638986,semigroups automata theory,unification modulo programming language computer science proof assistant arithmetic mathematics discrete mathematics,1
axiomatic characterisations argumentation semantics,leila amgoud,single_author,-0.7778203055284539,evaluation argument strength lies core argumentation system numerous semantics proposed purpose along variety principles axioms semantics expected satisfy existing semantics literature analyzed compared light principles body work marks significant step toward establishing theoretical foundations argumentation semantics remains incomplete particular characterizations entire classes semantics uniquely satisfy specific subsets axioms still lacking leaving open questions kind semantics still defined added values paper addresses gap establishing representation theorems explicitly relate subsets principles corresponding classes semantics semantics defined two mathematical functions impact function aggregation operator satisfying specific structural properties demonstrate principles offer uniform concise explanatory framework identified semantics finally show classical extensionbased semantics belong classes,kr,year_post_2024,0.9722427416967726,multiagent systems negotiation,axiom semantics computer science argumentation theory prooftheoretic semantics argument complex analysis representation politics denotational semantics variety cybernetics argumentation framework,2
infinite finite traces back linear temporal logic sequential decision making,luca geatti alessandro gianola nicola gigante,few_authors,0.30899710767568733,paper studies linear temporal logic finite traces ltlf proposition letters replaced firstorder formulas interpreted arbitrary theories spirit satisfiability modulo theories resulting logic called ltlf modulo theories ltlfmt semidecidable nevertheless high expressiveness comes useful number use cases modelchecking dataaware processes dataaware planning despite general undecidability problems able solve satisfiable instances compromise worth studying motivating describing use cases provide sound complete semidecision procedure ltlfmt based smt encoding onepass treeshaped tableau system algorithm implemented black satisfiability checking tool experimental evaluation shows feasibility approach novel benchmarks,kr,year_post_2024,0.5681320666638986,formal methods verification,decidability modulo computer science linear temporal logic satisfiability satisfiability modulo theories theoretical computer science computation tree logic model checking temporal logic algorithm boolean satisfiability problem tree set theory proposition programming language discrete mathematics mathematics combinatorics,1
temporal conditional reasoning weighted knowledge bases,christian eichhorn,single_author,-0.7778203055284539,conditionals logical entities composed set propositional formulas conditional knowledge bases composed sets conditionals therefore possible encode information different even unclear confusing ways conditional knowledge bases serve base inductive inference approaches section 333 background knowledge reasoning systems complexity estimations said approaches inductive inference algorithms thereof always found size knowledge base important factor small knowledge base results faster computation algorithms,iclp,year_post_2024,0.9722427416967726,logic reasoning knowledge,knowledge base encode inference computer science inductive reasoning base topology set abstract data type theoretical computer science artificial intelligence mathematics programming language,3
reliable natural language understanding large language models answer set programming,abhiramon rajasekharan yankai zeng parth padalkar gopal gupta,many_authors,0.852405814277758,humans understand language extracting information meaning sentences combining existing commonsense knowledge performing reasoning draw conclusionswhile large language models llms gpt3 chatgpt able leverage patterns text solve variety nlp tasks fall short problems require reasoningthey also reliably explain answers generated given questionin order emulate humans better propose star framework combines llms answer set programming aspwe show llms used effectively extract knowledgerepresented predicatesfrom languagegoaldirected asp employed reliably reason knowledgewe apply star framework three different nlu tasks requiring reasoning qualitative reasoning mathematical reasoning goaldirected conversationour experiments reveal star able bridge gap reasoning nlu tasks leading significant performance improvements especially smaller llms ie llms smaller number parametersnlu applications developed using star framework also explainable along predicates generated justification form proof tree produced given output,iclp,year_2022_2023,0.16402139163102464,topic modeling,computer science answer set programming natural language programming set abstract data type natural language programming language natural language processing artificial intelligence firstgeneration programming language natural archaeology programming language specification universal networking language programming domain programming paradigm comprehension approach inductive programming,5
neurosymbolic contrastive learning crossdomain inference,mingyue liu ryo ueda zhen wan katsumi inoue chris g. willcocks,many_authors,1.3958145208798287,pretrained language models plms made significant advances natural language inference nli tasks however sensitivity textual perturbations dependence large datasets indicate overreliance shallow heuristics contrast inductive logic programming ilp excels inferring logical relationships across diverse sparse limited datasets discrete nature requires inputs precisely specified limits application paper proposes bridge two approaches neurosymbolic contrastive learning allows smooth differentiable optimisation improves logical accuracy across otherwise discrete noisy sparse topological space logical functions show abstract logical relationships effectively embedded within neurosymbolic paradigm representing data logic programs sets logic rules embedding space captures highly varied textual information similar semantic logical relations also separate similar textual relations dissimilar logical relations experimental results demonstrate approach significantly improves inference capabilities models terms generalisation reasoning,iclp,year_post_2024,0.5681320666638986,neural networks applications,computer science inference artificial intelligence natural language processing domain mathematical analysis mathematics,4
counterfactual scenarios automated planning,nicola gigante francesco leofante andrea micheli,few_authors,0.30899710767568733,counterfactual explanations ces powerful technique used explain machine learning models showing input model minimally changed model produce different output similar proposals made context automated planning ces characterised terms minimal modifications existing plan would result satisfaction different goal explanations may help diagnose faults reason characteristics plan fail capture higherlevel properties problem solved address limitation propose novel explanation paradigm based counterfactual scenarios particular given planning problem p ltlf formula defining desired properties plan counterfactual scenarios identify minimal modifications p admits plans comply paper present two qualitative instantiations counterfactual scenarios based explicit quantification plans must satisfy characterise computational complexity generating counterfactual scenarios different types changes allowed p show producing counterfactual scenarios often expensive computing plan p thus demonstrating practical viability proposal ultimately providing framework construct practical algorithms area,kr,year_post_2024,0.9722427416967726,aibased problem solving planning,counterfactual thinking context archaeology counterfactual conditional plan archaeology construct python library,2
presburger functional synthesis complexity tractable normal forms,s. akshay a. r. balasubramanian supratik chakraborty georg zetzsche,many_authors,0.852405814277758,given relational specification inputs outputs logic formula problem functional synthesis automatically synthesize function inputs outputs satisfying relation recently rich line work emerged tackling problem specifications different theories boolean general firstorder logic paper launch investigation problem theory presburger arithmetic call presburger functional synthesis pfns show pfns solved exptime provide matching exponential lower bound unlike case boolean functional synthesis bfns conditional exponential lower bounds known show pfns one input one output variable hard bfns general identify special normal form called psynf specification formula guarantees polytime polysize solvability pfns prove several properties psynf including check compile form conditions form guarantees polytime solvability pfns compiled polytime psynf finally identify syntactic normal form easier check exponentially less succinct psynf,kr,year_post_2024,0.9722427416967726,formal methods verification,presburger arithmetic function biology conjunctive normal form exptime boolean function matching statistics exponential function decidability disjunctive normal form,2
justifications blocking sets rulebased answer set computation,michael gelfond,no_author,-1.3212290121305246,summary available content preview provided please use get access link information access content,iclp,year_2016_2017,-2.6647533335990934,logic reasoning knowledge,computer science content measure theory information retrieval mathematics,2
proper lineartime specifications environment behaviors nondeterministic planning reactive synthesis,benjamin aminof giuseppe de giacomo sasha rubin florian zuleger,many_authors,0.852405814277758,help achieve goal agent exploits assumptions behavior environment common view planning reactive synthesis assumptions sets traces tracecentric view advantage wellunderstood specification formalisms lineartime temporal logic alternative view promoted conceptually superior strategycentric assumptions nonempty sets environment strategies work relate views show strategycentric view refinement tracecentric view thus address following fundamental question set traces considered assumption agent environments behavior answer terms coverability every trace set consistent environment strategy enforces call sets proper environment specifications typical examples given traces consistent given planning domain fairness constraints arbitrary trace constraints provide algorithm given specification lineartime temporal logic ltl decides whether proper environment specification furthermore show every set traces proper environment core excludes traces agent ignore devising plan provide algorithm computing representation core ltl formula prove core ltldefinable property ltldefinable,kr,year_post_2024,0.5681320666638986,systems engineering methodologies applications,nondeterministic algorithm computer science algorithm,2
fixpoint characterization threevalued disjunctive hybrid mknf knowledge bases,spencer killen jia-huai you,few_authors,-0.2344115989263833,logic hybrid mknf minimal knowledge negation failure powerful knowledge representation language elegantly pairs asp answer set programming ontologies disjunctive rules desirable extension normal rulebased reasoning typically semantic frameworks designed normal knowledge bases need substantial restructuring support disjunctive rules alternatively one may lift characterizations normal rules support disjunctive rules inducing collection normal knowledge bases body single atom head work refer set normal knowledge bases headcut disjunctive knowledge base question arises whether semantics disjunctive hybrid mknf knowledge bases characterized using fixpoint constructions headcuts earlier shown headcuts paired fixpoint operators capture twovalued mknf models disjunctive hybrid mknf knowledge bases threevalued semantics extends twovalued semantics ability express partial information work present fixpoint construction leverages headcuts using operator iteratively captures threevalued models hybrid mknf knowledge bases disjunctive rules characterization also captures partial stable models disjunctive logic programs since program expressed disjunctive hybrid mknf knowledge base empty ontology elaborate relationship characterization approximators aft approximation fixpoint theory normal hybrid mknf knowledge bases,iclp,year_2022_2023,-0.24008928340184937,logic reasoning knowledge,knowledge base computer science disjunctive normal form negation knowledge representation reasoning characterization materials science mathematics set abstract data type fixed point theoretical computer science artificial intelligence algorithm programming language,1
efficient volume computation smt formulas,arijit shaw uddalok sarkar kuldeep s. meel,few_authors,0.30899710767568733,satisfiability modulo theory smt recently emerged powerful tool solving various automated reasoning problems across diverse domains unlike traditional satisfiability methods confined boolean variables smt reason reallife variables like bitvectors integers reals natural extension context ask quantitative questions one query smt theory linear real arithmetic lra computing volume entire satisfiable region defined smt formulas problem important solving different quantitative verification queries software verification cyberphysical systems neural networks mention introduce ttc efficient algorithm extends capabilities smt solvers volume computation method decomposes solution space smt linear real arithmetic formulas union overlapping convex polytopes computes volumes calculates union algorithm builds recent developments streamingmode set unions volume computation algorithms allsat techniques experimental evaluations demonstrate significant performance improvements existing stateoftheart approaches,kr,year_post_2024,0.9722427416967726,formal methods verification,satisfiability modulo theories computation volume thermodynamics satisfiability context archaeology automated reasoning set abstract data type modulo software semiring,2
extended abstract reliable commonsense reasoning socialbot built using llms goaldirected asp,yankai zeng abhiramon rajasekharan kinjal basu huaduo wang joaquín arias gopal gupta,many_authors,1.9392232274818992,abstract development large language models llms gpt enabled construction several socialbots like chatgpt receiving lot attention ability simulate human conversation however conversation guided goal hard control addition llms rely pattern recognition deductive reasoning give confusing answers difficulty integrating multiple topics cohesive response limitations often lead llm deviate main topic keep conversation interesting propose autocompanion socialbot uses llm model translate natural language predicates vice versa employs commonsense reasoning based answer set programming asp hold social conversation human particular rely scasp goaldirected implementation asp backend paper presents framework design llm used parse user messages generate response scasp engine output validate proposal describe real conversations chatbots goal keep user entertained talking movies books scasp ensures correctness answers ii coherence precision conversationwhich dynamically regulates achieve specific purposeand iii deviation main topic,iclp,year_post_2024,0.5681320666638986,multiagent systems negotiation,computer science goal orientation psychology social psychology,3
extending abstract argumentation frameworks knowledge bases,gianvincenzo alfano sergio greco cristian molinaro francesco parisi irina trubitsyna,many_authors,1.3958145208798287,dungs abstract argumentation framework af extended several directions make knowledge representation reasoning intuitive expressive paper present knowledgebased argumentation framework kaf extension af knowledge base kb expressed dllite includes concept role instances describing topology af besides additional knowledge domain kaf semantics given set kaf extensions consisting extension underlying af together pertinent subset original kb obtained discarding assertions referring arguments ruled af extension framework expanded constrained kaf ckaf set restricted relational calculus formulae used reasoning feasible subframeworks satisfy formulae minimally differ original framework thoroughly investigate computational complexity classical reasoning problems popular argumentation semantics show wellknown afbased frameworks special cases ckaf,kr,year_post_2024,0.9722427416967726,multiagent systems negotiation,argumentation theory knowledge representation reasoning extension predicate logic semantics computer science knowledge base set abstract data type representation politics argumentation framework,4
llmgenerated logic programs inference execution methods,paul tarau,single_author,-0.7778203055284539,large language models llms trained petabytes data highly compressed repositories significant proportion knowledge accumulated distilled far paper study techniques elicit knowledge form several classes logic programs including propositional horn clauses dual horn clauses relational triplets definite clause grammars exposing knowledge logic programs enables sound reasoning methods verify alignment llm outputs intended uses extend inference capabilities study new execution methods generated programs including softunification abducible facts llmgenerated content stored vector database well gpubased acceleration minimal model computation supports inference large llmgenerated programs,iclp,year_post_2024,0.5681320666638986,semantic web ontologies,computer science inference programming language artificial intelligence,5
modular stochastic rewritable petri nets,noauthor,no_author,-1.3212290121305246,noabstract,iclp,year_post_2024,0.5681320666638986,petri nets system modeling,stochastic petri net petri net computer science topology electrical circuits distributed computing theoretical computer science mathematics combinatorics,5
regular typed unification,joão barbosa mário florido vítor santos costa,few_authors,0.30899710767568733,define new unification algorithm terms interpreted semantic domains denoted subclass regular types called deterministic regular types reflects intention handle semantic universe homogeneous collection values instead partition way similar data types programming languages first define new unification algorithm based constraint generation constraint solving prove main properties termination soundness completeness respect semantics finally discuss apply algorithm dynamically typed version prolog,iclp,year_post_2024,0.5681320666638986,mathematics applications,unification programming language computer science,1
approximating weakly preferred semantics abstract argumentation vacuous reduct semantics,lydia blümel matthias thimm,few_authors,-0.2344115989263833,consider recently introduced vacuous reduct semantics abstract argumentation allows composition arbitrary argumentation semantics notion reduct show recursively applying principle vacuous reduct semantics able cover broad range semantical approaches main result shows recover weakly preferred semantics unique solution fixed point equation involving infinite application vacuous reduct semantics based simple property conflictfreeness also conduct extensive study computational complexity recursive application vacuous reduct semantics shows completely covers level polynomial hierarchy depending recursion depth,kr,year_2022_2023,0.16402139163102464,multiagent systems negotiation,reduct semantics computer science argumentation theory theoretical computer science mathematics computer science recursion computer science simple philosophy wellfounded semantics denotational semantics algorithm algebra field operational semantics artificial intelligence programming language rough set pure mathematics,1
